mouse_symbol	human_symbol	cas	gse206479_any	gse245522_3of4	gse245522_max_peak_file_support	category
Abca1	ABCA1	Un1Cas12f1_TTTR	True	False	0	gse206479_only_vs_3of4
Abca1	ABCA1	SaCas9_NNGRRT	True	False	0	gse206479_only_vs_3of4
Abca1	ABCA1	SpCas9_NGG	True	False	0	gse206479_only_vs_3of4
Abca1	ABCA1	CjCas9_NNNVRYM	True	False	0	gse206479_only_vs_3of4
Abca1	ABCA1	Nme2Cas9_NNNNCC	True	False	0	gse206479_only_vs_3of4
Abcg1	ABCG1	Un1Cas12f1_TTTR	False	False	0	neither
Abcg1	ABCG1	SaCas9_NNGRRT	False	False	0	neither
Abcg1	ABCG1	SpCas9_NGG	True	False	1	gse206479_only_vs_3of4
Abcg1	ABCG1	CjCas9_NNNVRYM	True	False	1	gse206479_only_vs_3of4
Abcg1	ABCG1	Nme2Cas9_NNNNCC	True	False	1	gse206479_only_vs_3of4
Apoe	APOE	Un1Cas12f1_TTTR	False	False	0	neither
Apoe	APOE	SaCas9_NNGRRT	True	False	0	gse206479_only_vs_3of4
Apoe	APOE	SpCas9_NGG	True	False	0	gse206479_only_vs_3of4
Apoe	APOE	CjCas9_NNNVRYM	True	False	0	gse206479_only_vs_3of4
Apoe	APOE	Nme2Cas9_NNNNCC	True	False	0	gse206479_only_vs_3of4
Arg1	ARG1	Un1Cas12f1_TTTR	False	False	0	neither
Arg1	ARG1	SaCas9_NNGRRT	False	False	0	neither
Arg1	ARG1	SpCas9_NGG	False	False	0	neither
Arg1	ARG1	CjCas9_NNNVRYM	False	False	0	neither
Arg1	ARG1	Nme2Cas9_NNNNCC	False	False	0	neither
Atg5	ATG5	Un1Cas12f1_TTTR	True	True	3	both_gse206479_any_and_gse245522_3of4
Atg5	ATG5	SaCas9_NNGRRT	True	True	4	both_gse206479_any_and_gse245522_3of4
Atg5	ATG5	SpCas9_NGG	True	True	4	both_gse206479_any_and_gse245522_3of4
Atg5	ATG5	CjCas9_NNNVRYM	True	True	4	both_gse206479_any_and_gse245522_3of4
Atg5	ATG5	Nme2Cas9_NNNNCC	True	True	4	both_gse206479_any_and_gse245522_3of4
Atg7	ATG7	Un1Cas12f1_TTTR	True	False	1	gse206479_only_vs_3of4
Atg7	ATG7	SaCas9_NNGRRT	True	True	4	both_gse206479_any_and_gse245522_3of4
Atg7	ATG7	SpCas9_NGG	True	True	4	both_gse206479_any_and_gse245522_3of4
Atg7	ATG7	CjCas9_NNNVRYM	True	True	4	both_gse206479_any_and_gse245522_3of4
Atg7	ATG7	Nme2Cas9_NNNNCC	True	True	4	both_gse206479_any_and_gse245522_3of4
Atp6v1h	ATP6V1H	Un1Cas12f1_TTTR	True	True	4	both_gse206479_any_and_gse245522_3of4
Atp6v1h	ATP6V1H	SaCas9_NNGRRT	True	True	4	both_gse206479_any_and_gse245522_3of4
Atp6v1h	ATP6V1H	SpCas9_NGG	True	True	4	both_gse206479_any_and_gse245522_3of4
Atp6v1h	ATP6V1H	CjCas9_NNNVRYM	True	True	4	both_gse206479_any_and_gse245522_3of4
Atp6v1h	ATP6V1H	Nme2Cas9_NNNNCC	True	True	4	both_gse206479_any_and_gse245522_3of4
Axl	AXL	Un1Cas12f1_TTTR	True	True	4	both_gse206479_any_and_gse245522_3of4
Axl	AXL	SaCas9_NNGRRT	True	True	4	both_gse206479_any_and_gse245522_3of4
Axl	AXL	SpCas9_NGG	True	True	4	both_gse206479_any_and_gse245522_3of4
Axl	AXL	CjCas9_NNNVRYM	True	True	4	both_gse206479_any_and_gse245522_3of4
Axl	AXL	Nme2Cas9_NNNNCC	True	True	4	both_gse206479_any_and_gse245522_3of4
Bdnf	BDNF	Un1Cas12f1_TTTR	False	False	0	neither
Bdnf	BDNF	SaCas9_NNGRRT	False	False	0	neither
Bdnf	BDNF	SpCas9_NGG	False	False	0	neither
Bdnf	BDNF	CjCas9_NNNVRYM	False	False	0	neither
Bdnf	BDNF	Nme2Cas9_NNNNCC	False	False	0	neither
Becn1	BECN1	Un1Cas12f1_TTTR	True	True	3	both_gse206479_any_and_gse245522_3of4
Becn1	BECN1	SaCas9_NNGRRT	True	True	4	both_gse206479_any_and_gse245522_3of4
Becn1	BECN1	SpCas9_NGG	True	True	4	both_gse206479_any_and_gse245522_3of4
Becn1	BECN1	CjCas9_NNNVRYM	True	True	4	both_gse206479_any_and_gse245522_3of4
Becn1	BECN1	Nme2Cas9_NNNNCC	True	True	4	both_gse206479_any_and_gse245522_3of4
Cd36	CD36	Un1Cas12f1_TTTR	False	False	0	neither
Cd36	CD36	SaCas9_NNGRRT	False	False	0	neither
Cd36	CD36	SpCas9_NGG	False	False	0	neither
Cd36	CD36	CjCas9_NNNVRYM	False	False	0	neither
Cd36	CD36	Nme2Cas9_NNNNCC	False	False	0	neither
Csf1	CSF1	Un1Cas12f1_TTTR	True	False	0	gse206479_only_vs_3of4
Csf1	CSF1	SaCas9_NNGRRT	True	False	1	gse206479_only_vs_3of4
Csf1	CSF1	SpCas9_NGG	True	False	2	gse206479_only_vs_3of4
Csf1	CSF1	CjCas9_NNNVRYM	True	False	2	gse206479_only_vs_3of4
Csf1	CSF1	Nme2Cas9_NNNNCC	True	False	1	gse206479_only_vs_3of4
Csf1r	CSF1R	Un1Cas12f1_TTTR	True	True	4	both_gse206479_any_and_gse245522_3of4
Csf1r	CSF1R	SaCas9_NNGRRT	False	False	0	neither
Csf1r	CSF1R	SpCas9_NGG	True	True	4	both_gse206479_any_and_gse245522_3of4
Csf1r	CSF1R	CjCas9_NNNVRYM	True	True	4	both_gse206479_any_and_gse245522_3of4
Csf1r	CSF1R	Nme2Cas9_NNNNCC	True	True	4	both_gse206479_any_and_gse245522_3of4
Ctsb	CTSB	Un1Cas12f1_TTTR	False	False	0	neither
Ctsb	CTSB	SaCas9_NNGRRT	True	False	1	gse206479_only_vs_3of4
Ctsb	CTSB	SpCas9_NGG	True	False	1	gse206479_only_vs_3of4
Ctsb	CTSB	CjCas9_NNNVRYM	True	False	1	gse206479_only_vs_3of4
Ctsb	CTSB	Nme2Cas9_NNNNCC	True	False	1	gse206479_only_vs_3of4
Ctsd	CTSD	Un1Cas12f1_TTTR	False	False	0	neither
Ctsd	CTSD	SaCas9_NNGRRT	True	False	1	gse206479_only_vs_3of4
Ctsd	CTSD	SpCas9_NGG	True	True	3	both_gse206479_any_and_gse245522_3of4
Ctsd	CTSD	CjCas9_NNNVRYM	True	False	1	gse206479_only_vs_3of4
Ctsd	CTSD	Nme2Cas9_NNNNCC	True	False	1	gse206479_only_vs_3of4
Cx3cr1	CX3CR1	Un1Cas12f1_TTTR	False	False	0	neither
Cx3cr1	CX3CR1	SaCas9_NNGRRT	False	False	0	neither
Cx3cr1	CX3CR1	SpCas9_NGG	False	False	1	neither
Cx3cr1	CX3CR1	CjCas9_NNNVRYM	False	False	0	neither
Cx3cr1	CX3CR1	Nme2Cas9_NNNNCC	False	False	1	neither
Dnmt3a	DNMT3A	Un1Cas12f1_TTTR	True	False	1	gse206479_only_vs_3of4
Dnmt3a	DNMT3A	SaCas9_NNGRRT	False	False	0	neither
Dnmt3a	DNMT3A	SpCas9_NGG	True	True	3	both_gse206479_any_and_gse245522_3of4
Dnmt3a	DNMT3A	CjCas9_NNNVRYM	True	False	1	gse206479_only_vs_3of4
Dnmt3a	DNMT3A	Nme2Cas9_NNNNCC	True	False	1	gse206479_only_vs_3of4
Gdnf	GDNF	Un1Cas12f1_TTTR	True	True	4	both_gse206479_any_and_gse245522_3of4
Gdnf	GDNF	SaCas9_NNGRRT	True	False	2	gse206479_only_vs_3of4
Gdnf	GDNF	SpCas9_NGG	True	True	4	both_gse206479_any_and_gse245522_3of4
Gdnf	GDNF	CjCas9_NNNVRYM	True	True	4	both_gse206479_any_and_gse245522_3of4
Gdnf	GDNF	Nme2Cas9_NNNNCC	True	True	4	both_gse206479_any_and_gse245522_3of4
Grn	GRN	Un1Cas12f1_TTTR	True	True	4	both_gse206479_any_and_gse245522_3of4
Grn	GRN	SaCas9_NNGRRT	True	True	4	both_gse206479_any_and_gse245522_3of4
Grn	GRN	SpCas9_NGG	True	True	4	both_gse206479_any_and_gse245522_3of4
Grn	GRN	CjCas9_NNNVRYM	True	True	4	both_gse206479_any_and_gse245522_3of4
Grn	GRN	Nme2Cas9_NNNNCC	True	True	4	both_gse206479_any_and_gse245522_3of4
Hdac1	HDAC1	Un1Cas12f1_TTTR	True	False	0	gse206479_only_vs_3of4
Hdac1	HDAC1	SaCas9_NNGRRT	True	True	4	both_gse206479_any_and_gse245522_3of4
Hdac1	HDAC1	SpCas9_NGG	True	True	4	both_gse206479_any_and_gse245522_3of4
Hdac1	HDAC1	CjCas9_NNNVRYM	True	True	4	both_gse206479_any_and_gse245522_3of4
Hdac1	HDAC1	Nme2Cas9_NNNNCC	True	True	4	both_gse206479_any_and_gse245522_3of4
Hdac2	HDAC2	Un1Cas12f1_TTTR	False	False	0	neither
Hdac2	HDAC2	SaCas9_NNGRRT	True	True	4	both_gse206479_any_and_gse245522_3of4
Hdac2	HDAC2	SpCas9_NGG	True	True	4	both_gse206479_any_and_gse245522_3of4
Hdac2	HDAC2	CjCas9_NNNVRYM	True	True	4	both_gse206479_any_and_gse245522_3of4
Hdac2	HDAC2	Nme2Cas9_NNNNCC	True	True	4	both_gse206479_any_and_gse245522_3of4
Hexb	HEXB	Un1Cas12f1_TTTR	True	True	4	both_gse206479_any_and_gse245522_3of4
Hexb	HEXB	SaCas9_NNGRRT	True	True	4	both_gse206479_any_and_gse245522_3of4
Hexb	HEXB	SpCas9_NGG	True	True	4	both_gse206479_any_and_gse245522_3of4
Hexb	HEXB	CjCas9_NNNVRYM	True	True	4	both_gse206479_any_and_gse245522_3of4
Hexb	HEXB	Nme2Cas9_NNNNCC	True	True	4	both_gse206479_any_and_gse245522_3of4
Igf1	IGF1	Un1Cas12f1_TTTR	False	False	0	neither
Igf1	IGF1	SaCas9_NNGRRT	False	False	0	neither
Igf1	IGF1	SpCas9_NGG	False	False	0	neither
Igf1	IGF1	CjCas9_NNNVRYM	False	False	0	neither
Igf1	IGF1	Nme2Cas9_NNNNCC	False	False	0	neither
Il10	IL10	Un1Cas12f1_TTTR	True	False	0	gse206479_only_vs_3of4
Il10	IL10	SaCas9_NNGRRT	True	False	0	gse206479_only_vs_3of4
Il10	IL10	SpCas9_NGG	True	False	0	gse206479_only_vs_3of4
Il10	IL10	CjCas9_NNNVRYM	True	False	0	gse206479_only_vs_3of4
Il10	IL10	Nme2Cas9_NNNNCC	True	False	0	gse206479_only_vs_3of4
Il1b	IL1B	Un1Cas12f1_TTTR	True	False	0	gse206479_only_vs_3of4
Il1b	IL1B	SaCas9_NNGRRT	False	False	0	neither
Il1b	IL1B	SpCas9_NGG	True	False	0	gse206479_only_vs_3of4
Il1b	IL1B	CjCas9_NNNVRYM	True	False	0	gse206479_only_vs_3of4
Il1b	IL1B	Nme2Cas9_NNNNCC	True	False	0	gse206479_only_vs_3of4
Il1rn	IL1RN	Un1Cas12f1_TTTR	True	False	0	gse206479_only_vs_3of4
Il1rn	IL1RN	SaCas9_NNGRRT	True	False	0	gse206479_only_vs_3of4
Il1rn	IL1RN	SpCas9_NGG	True	False	0	gse206479_only_vs_3of4
Il1rn	IL1RN	CjCas9_NNNVRYM	True	False	0	gse206479_only_vs_3of4
Il1rn	IL1RN	Nme2Cas9_NNNNCC	True	False	0	gse206479_only_vs_3of4
Il4ra	IL4R	Un1Cas12f1_TTTR	True	False	1	gse206479_only_vs_3of4
Il4ra	IL4R	SaCas9_NNGRRT	True	True	3	both_gse206479_any_and_gse245522_3of4
Il4ra	IL4R	SpCas9_NGG	True	True	3	both_gse206479_any_and_gse245522_3of4
Il4ra	IL4R	CjCas9_NNNVRYM	True	True	3	both_gse206479_any_and_gse245522_3of4
Il4ra	IL4R	Nme2Cas9_NNNNCC	True	True	3	both_gse206479_any_and_gse245522_3of4
Irf8	IRF8	Un1Cas12f1_TTTR	True	False	0	gse206479_only_vs_3of4
Irf8	IRF8	SaCas9_NNGRRT	True	False	2	gse206479_only_vs_3of4
Irf8	IRF8	SpCas9_NGG	True	False	2	gse206479_only_vs_3of4
Irf8	IRF8	CjCas9_NNNVRYM	True	False	2	gse206479_only_vs_3of4
Irf8	IRF8	Nme2Cas9_NNNNCC	True	False	2	gse206479_only_vs_3of4
Lamp1	LAMP1	Un1Cas12f1_TTTR	True	True	4	both_gse206479_any_and_gse245522_3of4
Lamp1	LAMP1	SaCas9_NNGRRT	True	True	4	both_gse206479_any_and_gse245522_3of4
Lamp1	LAMP1	SpCas9_NGG	True	True	4	both_gse206479_any_and_gse245522_3of4
Lamp1	LAMP1	CjCas9_NNNVRYM	True	True	4	both_gse206479_any_and_gse245522_3of4
Lamp1	LAMP1	Nme2Cas9_NNNNCC	True	True	4	both_gse206479_any_and_gse245522_3of4
Lamp2	LAMP2	Un1Cas12f1_TTTR	True	True	4	both_gse206479_any_and_gse245522_3of4
Lamp2	LAMP2	SaCas9_NNGRRT	True	False	0	gse206479_only_vs_3of4
Lamp2	LAMP2	SpCas9_NGG	True	True	4	both_gse206479_any_and_gse245522_3of4
Lamp2	LAMP2	CjCas9_NNNVRYM	True	True	4	both_gse206479_any_and_gse245522_3of4
Lamp2	LAMP2	Nme2Cas9_NNNNCC	True	True	4	both_gse206479_any_and_gse245522_3of4
Lipa	LIPA	Un1Cas12f1_TTTR	True	True	3	both_gse206479_any_and_gse245522_3of4
Lipa	LIPA	SaCas9_NNGRRT	True	False	2	gse206479_only_vs_3of4
Lipa	LIPA	SpCas9_NGG	True	True	4	both_gse206479_any_and_gse245522_3of4
Lipa	LIPA	CjCas9_NNNVRYM	True	True	4	both_gse206479_any_and_gse245522_3of4
Lipa	LIPA	Nme2Cas9_NNNNCC	True	True	4	both_gse206479_any_and_gse245522_3of4
Lpl	LPL	Un1Cas12f1_TTTR	False	False	0	neither
Lpl	LPL	SaCas9_NNGRRT	False	False	0	neither
Lpl	LPL	SpCas9_NGG	False	False	0	neither
Lpl	LPL	CjCas9_NNNVRYM	False	False	0	neither
Lpl	LPL	Nme2Cas9_NNNNCC	False	False	0	neither
Map1lc3b	MAP1LC3B	Un1Cas12f1_TTTR	True	False	2	gse206479_only_vs_3of4
Map1lc3b	MAP1LC3B	SaCas9_NNGRRT	True	False	0	gse206479_only_vs_3of4
Map1lc3b	MAP1LC3B	SpCas9_NGG	True	False	2	gse206479_only_vs_3of4
Map1lc3b	MAP1LC3B	CjCas9_NNNVRYM	True	False	2	gse206479_only_vs_3of4
Map1lc3b	MAP1LC3B	Nme2Cas9_NNNNCC	True	False	2	gse206479_only_vs_3of4
Mcoln1	MCOLN1	Un1Cas12f1_TTTR	True	True	4	both_gse206479_any_and_gse245522_3of4
Mcoln1	MCOLN1	SaCas9_NNGRRT	True	True	4	both_gse206479_any_and_gse245522_3of4
Mcoln1	MCOLN1	SpCas9_NGG	True	True	4	both_gse206479_any_and_gse245522_3of4
Mcoln1	MCOLN1	CjCas9_NNNVRYM	True	True	4	both_gse206479_any_and_gse245522_3of4
Mcoln1	MCOLN1	Nme2Cas9_NNNNCC	True	True	4	both_gse206479_any_and_gse245522_3of4
Megf10	MEGF10	Un1Cas12f1_TTTR	True	False	0	gse206479_only_vs_3of4
Megf10	MEGF10	SaCas9_NNGRRT	True	False	0	gse206479_only_vs_3of4
Megf10	MEGF10	SpCas9_NGG	True	False	0	gse206479_only_vs_3of4
Megf10	MEGF10	CjCas9_NNNVRYM	True	False	0	gse206479_only_vs_3of4
Megf10	MEGF10	Nme2Cas9_NNNNCC	True	False	0	gse206479_only_vs_3of4
Mertk	MERTK	Un1Cas12f1_TTTR	False	False	0	neither
Mertk	MERTK	SaCas9_NNGRRT	True	True	4	both_gse206479_any_and_gse245522_3of4
Mertk	MERTK	SpCas9_NGG	True	True	4	both_gse206479_any_and_gse245522_3of4
Mertk	MERTK	CjCas9_NNNVRYM	True	True	4	both_gse206479_any_and_gse245522_3of4
Mertk	MERTK	Nme2Cas9_NNNNCC	True	True	4	both_gse206479_any_and_gse245522_3of4
Mrc1	MRC1	Un1Cas12f1_TTTR	False	False	0	neither
Mrc1	MRC1	SaCas9_NNGRRT	False	False	0	neither
Mrc1	MRC1	SpCas9_NGG	False	False	0	neither
Mrc1	MRC1	CjCas9_NNNVRYM	False	False	0	neither
Mrc1	MRC1	Nme2Cas9_NNNNCC	False	False	0	neither
Nfkb1	NFKB1	Un1Cas12f1_TTTR	False	False	0	neither
Nfkb1	NFKB1	SaCas9_NNGRRT	True	False	2	gse206479_only_vs_3of4
Nfkb1	NFKB1	SpCas9_NGG	True	True	4	both_gse206479_any_and_gse245522_3of4
Nfkb1	NFKB1	CjCas9_NNNVRYM	True	True	4	both_gse206479_any_and_gse245522_3of4
Nfkb1	NFKB1	Nme2Cas9_NNNNCC	True	True	4	both_gse206479_any_and_gse245522_3of4
Nr1h3	NR1H3	Un1Cas12f1_TTTR	True	False	0	gse206479_only_vs_3of4
Nr1h3	NR1H3	SaCas9_NNGRRT	True	True	3	both_gse206479_any_and_gse245522_3of4
Nr1h3	NR1H3	SpCas9_NGG	True	True	4	both_gse206479_any_and_gse245522_3of4
Nr1h3	NR1H3	CjCas9_NNNVRYM	True	True	4	both_gse206479_any_and_gse245522_3of4
Nr1h3	NR1H3	Nme2Cas9_NNNNCC	True	True	4	both_gse206479_any_and_gse245522_3of4
P2ry12	P2RY12	Un1Cas12f1_TTTR	True	True	4	both_gse206479_any_and_gse245522_3of4
P2ry12	P2RY12	SaCas9_NNGRRT	True	True	4	both_gse206479_any_and_gse245522_3of4
P2ry12	P2RY12	SpCas9_NGG	True	True	4	both_gse206479_any_and_gse245522_3of4
P2ry12	P2RY12	CjCas9_NNNVRYM	True	True	4	both_gse206479_any_and_gse245522_3of4
P2ry12	P2RY12	Nme2Cas9_NNNNCC	True	True	4	both_gse206479_any_and_gse245522_3of4
Pparg	PPARG	Un1Cas12f1_TTTR	False	False	0	neither
Pparg	PPARG	SaCas9_NNGRRT	False	False	0	neither
Pparg	PPARG	SpCas9_NGG	False	False	0	neither
Pparg	PPARG	CjCas9_NNNVRYM	False	False	0	neither
Pparg	PPARG	Nme2Cas9_NNNNCC	False	False	0	neither
Sall1	SALL1	Un1Cas12f1_TTTR	False	False	0	neither
Sall1	SALL1	SaCas9_NNGRRT	False	False	0	neither
Sall1	SALL1	SpCas9_NGG	False	False	0	neither
Sall1	SALL1	CjCas9_NNNVRYM	False	False	0	neither
Sall1	SALL1	Nme2Cas9_NNNNCC	False	False	0	neither
Spi1	SPI1	Un1Cas12f1_TTTR	True	True	3	both_gse206479_any_and_gse245522_3of4
Spi1	SPI1	SaCas9_NNGRRT	True	True	4	both_gse206479_any_and_gse245522_3of4
Spi1	SPI1	SpCas9_NGG	True	True	4	both_gse206479_any_and_gse245522_3of4
Spi1	SPI1	CjCas9_NNNVRYM	True	True	4	both_gse206479_any_and_gse245522_3of4
Spi1	SPI1	Nme2Cas9_NNNNCC	True	True	4	both_gse206479_any_and_gse245522_3of4
Sqstm1	SQSTM1	Un1Cas12f1_TTTR	False	False	0	neither
Sqstm1	SQSTM1	SaCas9_NNGRRT	True	False	0	gse206479_only_vs_3of4
Sqstm1	SQSTM1	SpCas9_NGG	True	False	0	gse206479_only_vs_3of4
Sqstm1	SQSTM1	CjCas9_NNNVRYM	True	False	0	gse206479_only_vs_3of4
Sqstm1	SQSTM1	Nme2Cas9_NNNNCC	True	False	0	gse206479_only_vs_3of4
Tet2	TET2	Un1Cas12f1_TTTR	True	False	0	gse206479_only_vs_3of4
Tet2	TET2	SaCas9_NNGRRT	True	False	0	gse206479_only_vs_3of4
Tet2	TET2	SpCas9_NGG	True	False	1	gse206479_only_vs_3of4
Tet2	TET2	CjCas9_NNNVRYM	True	False	1	gse206479_only_vs_3of4
Tet2	TET2	Nme2Cas9_NNNNCC	True	False	1	gse206479_only_vs_3of4
Tfe3	TFE3	Un1Cas12f1_TTTR	True	True	4	both_gse206479_any_and_gse245522_3of4
Tfe3	TFE3	SaCas9_NNGRRT	True	True	4	both_gse206479_any_and_gse245522_3of4
Tfe3	TFE3	SpCas9_NGG	True	True	4	both_gse206479_any_and_gse245522_3of4
Tfe3	TFE3	CjCas9_NNNVRYM	True	True	4	both_gse206479_any_and_gse245522_3of4
Tfe3	TFE3	Nme2Cas9_NNNNCC	True	True	4	both_gse206479_any_and_gse245522_3of4
Tfeb	TFEB	Un1Cas12f1_TTTR	False	False	0	neither
Tfeb	TFEB	SaCas9_NNGRRT	False	False	0	neither
Tfeb	TFEB	SpCas9_NGG	False	False	0	neither
Tfeb	TFEB	CjCas9_NNNVRYM	False	False	0	neither
Tfeb	TFEB	Nme2Cas9_NNNNCC	False	False	0	neither
Tgfb1	TGFB1	Un1Cas12f1_TTTR	False	False	0	neither
Tgfb1	TGFB1	SaCas9_NNGRRT	True	True	4	both_gse206479_any_and_gse245522_3of4
Tgfb1	TGFB1	SpCas9_NGG	True	True	4	both_gse206479_any_and_gse245522_3of4
Tgfb1	TGFB1	CjCas9_NNNVRYM	True	True	4	both_gse206479_any_and_gse245522_3of4
Tgfb1	TGFB1	Nme2Cas9_NNNNCC	True	True	4	both_gse206479_any_and_gse245522_3of4
Tmem119	TMEM119	Un1Cas12f1_TTTR	False	False	0	neither
Tmem119	TMEM119	SaCas9_NNGRRT	False	False	0	neither
Tmem119	TMEM119	SpCas9_NGG	False	False	0	neither
Tmem119	TMEM119	CjCas9_NNNVRYM	False	False	0	neither
Tmem119	TMEM119	Nme2Cas9_NNNNCC	False	False	0	neither
Tnf	TNF	Un1Cas12f1_TTTR	True	False	0	gse206479_only_vs_3of4
Tnf	TNF	SaCas9_NNGRRT	True	True	4	both_gse206479_any_and_gse245522_3of4
Tnf	TNF	SpCas9_NGG	True	True	4	both_gse206479_any_and_gse245522_3of4
Tnf	TNF	CjCas9_NNNVRYM	True	True	4	both_gse206479_any_and_gse245522_3of4
Tnf	TNF	Nme2Cas9_NNNNCC	True	True	4	both_gse206479_any_and_gse245522_3of4
Trem2	TREM2	Un1Cas12f1_TTTR	True	False	0	gse206479_only_vs_3of4
Trem2	TREM2	SaCas9_NNGRRT	True	False	2	gse206479_only_vs_3of4
Trem2	TREM2	SpCas9_NGG	True	True	3	both_gse206479_any_and_gse245522_3of4
Trem2	TREM2	CjCas9_NNNVRYM	True	False	2	gse206479_only_vs_3of4
Trem2	TREM2	Nme2Cas9_NNNNCC	True	False	2	gse206479_only_vs_3of4
Tyrobp	TYROBP	Un1Cas12f1_TTTR	True	False	2	gse206479_only_vs_3of4
Tyrobp	TYROBP	SaCas9_NNGRRT	True	True	4	both_gse206479_any_and_gse245522_3of4
Tyrobp	TYROBP	SpCas9_NGG	True	True	4	both_gse206479_any_and_gse245522_3of4
Tyrobp	TYROBP	CjCas9_NNNVRYM	True	True	4	both_gse206479_any_and_gse245522_3of4
Tyrobp	TYROBP	Nme2Cas9_NNNNCC	True	True	4	both_gse206479_any_and_gse245522_3of4
Vegfa	VEGFA	Un1Cas12f1_TTTR	False	False	0	neither
Vegfa	VEGFA	SaCas9_NNGRRT	True	True	3	both_gse206479_any_and_gse245522_3of4
Vegfa	VEGFA	SpCas9_NGG	True	True	4	both_gse206479_any_and_gse245522_3of4
Vegfa	VEGFA	CjCas9_NNNVRYM	True	True	4	both_gse206479_any_and_gse245522_3of4
Vegfa	VEGFA	Nme2Cas9_NNNNCC	True	True	4	both_gse206479_any_and_gse245522_3of4
