mouse_symbol	human_symbol	mouse_un1_passing_guides	human_un1_passing_guides	mouse_un1_targetable_contexts	human_un1_targetable_contexts	mouse_any_context_targetable	human_any_context_targetable	comparison_category	mouse_promoter_overlap_contexts
Abca1	ABCA1	5	3	LL_tolerized;PL_acute_LPS;PP_control;homeostatic;sham_WT;stroke_WT	WTC11_IFNb;H1_rest;H1_IFNb	True	True	both_mouse_and_human_any_context	LL_tolerized;PL_acute_LPS;PP_control;homeostatic;sham_WT;stroke_WT
Abcg1	ABCG1	4	0	LL_tolerized;PL_acute_LPS;PP_control;sham_WT;stroke_WT	NA	True	False	mouse_only_any_context	LL_tolerized;PL_acute_LPS;PP_control;sham_WT;stroke_WT
Apoe	APOE	3	0	sham_WT;stroke_WT	NA	True	False	mouse_only_any_context	sham_WT;stroke_WT
Arg1	ARG1	2	4	stroke_WT	NA	True	False	mouse_only_any_context	sham_WT;stroke_WT
Atg5	ATG5	6	6	LL_tolerized;PL_acute_LPS;PP_control;homeostatic;sham_WT;stroke_WT	WTC11_rest;WTC11_IFNb;H1_rest;H1_IFNb	True	True	both_mouse_and_human_any_context	LL_tolerized;PL_acute_LPS;PP_control;homeostatic;sham_WT;stroke_WT
Atg7	ATG7	5	3	NA	WTC11_rest;WTC11_IFNb;H1_rest;H1_IFNb	False	True	human_only_any_context	NA
Atp6v1h	ATP6V1H	9	6	LL_tolerized;PL_acute_LPS;PP_control;homeostatic;sham_WT;stroke_WT	WTC11_rest;WTC11_IFNb;H1_rest;H1_IFNb	True	True	both_mouse_and_human_any_context	LL_tolerized;PL_acute_LPS;PP_control;homeostatic;sham_WT;stroke_WT
Axl	AXL	2	2	stroke_WT	H1_IFNb	True	True	both_mouse_and_human_any_context	stroke_WT
Bdnf	BDNF	4	2	NA	NA	False	False	neither_any_context	NA
Becn1	BECN1	8	1	LL_tolerized;PL_acute_LPS;PP_control;homeostatic;sham_WT;stroke_WT	WTC11_rest;WTC11_IFNb;H1_rest;H1_IFNb	True	True	both_mouse_and_human_any_context	LL_tolerized;PL_acute_LPS;PP_control;homeostatic;sham_WT;stroke_WT
Cd36	CD36	5	10	NA	NA	False	False	neither_any_context	NA
Csf1	CSF1	3	1	LL_tolerized;PL_acute_LPS;PP_control;homeostatic;sham_WT;stroke_WT	WTC11_rest;H1_IFNb	True	True	both_mouse_and_human_any_context	LL_tolerized;PL_acute_LPS;PP_control;homeostatic;sham_WT;stroke_WT
Csf1r	CSF1R	3	3	LL_tolerized;PL_acute_LPS;PP_control;sham_WT;stroke_WT	H1_rest;H1_IFNb	True	True	both_mouse_and_human_any_context	LL_tolerized;PL_acute_LPS;PP_control;homeostatic;sham_WT;stroke_WT
Ctsb	CTSB	5	0	LL_tolerized;PL_acute_LPS;PP_control;homeostatic;sham_WT;stroke_WT	NA	True	False	mouse_only_any_context	LL_tolerized;PL_acute_LPS;PP_control;homeostatic;sham_WT;stroke_WT
Ctsd	CTSD	7	3	LL_tolerized;PL_acute_LPS;PP_control;stroke_WT	NA	True	False	mouse_only_any_context	LL_tolerized;PL_acute_LPS;PP_control;homeostatic;stroke_WT
Cx3cr1	CX3CR1	0	0	NA	NA	False	False	neither_any_context	LL_tolerized;PL_acute_LPS;PP_control;sham_WT;stroke_WT
Dnmt3a	DNMT3A	0	1	NA	H1_IFNb	False	True	human_only_any_context	LL_tolerized;PL_acute_LPS;PP_control;stroke_WT
Gdnf	GDNF	1	1	NA	WTC11_IFNb;H1_rest;H1_IFNb	False	True	human_only_any_context	NA
Grn	GRN	7	3	LL_tolerized;PL_acute_LPS;PP_control;homeostatic;sham_WT;stroke_WT	WTC11_rest;WTC11_IFNb;H1_rest;H1_IFNb	True	True	both_mouse_and_human_any_context	LL_tolerized;PL_acute_LPS;PP_control;homeostatic;sham_WT;stroke_WT
Hdac1	HDAC1	4	3	LL_tolerized;PL_acute_LPS;PP_control;homeostatic;sham_WT;stroke_WT	WTC11_rest;WTC11_IFNb;H1_rest;H1_IFNb	True	True	both_mouse_and_human_any_context	LL_tolerized;PL_acute_LPS;PP_control;homeostatic;sham_WT;stroke_WT
Hdac2	HDAC2	0	0	NA	NA	False	False	neither_any_context	LL_tolerized;PL_acute_LPS;PP_control;homeostatic;sham_WT;stroke_WT
Hexb	HEXB	8	4	NA	WTC11_rest;WTC11_IFNb;H1_rest;H1_IFNb	False	True	human_only_any_context	NA
Igf1	IGF1	14	12	homeostatic	NA	True	False	mouse_only_any_context	homeostatic
Il10	IL10	6	3	stroke_WT	WTC11_rest;WTC11_IFNb;H1_rest;H1_IFNb	True	True	both_mouse_and_human_any_context	stroke_WT
Il1b	IL1B	4	10	PL_acute_LPS;sham_WT	WTC11_rest;H1_rest;H1_IFNb	True	True	both_mouse_and_human_any_context	PL_acute_LPS;sham_WT
Il1rn	IL1RN	7	4	LL_tolerized;PL_acute_LPS;sham_WT;stroke_WT	WTC11_rest;WTC11_IFNb;H1_rest;H1_IFNb	True	True	both_mouse_and_human_any_context	LL_tolerized;PL_acute_LPS;sham_WT;stroke_WT
Il4ra	IL4R	5	1	LL_tolerized;PL_acute_LPS;PP_control;sham_WT;stroke_WT	WTC11_rest;WTC11_IFNb;H1_rest;H1_IFNb	True	True	both_mouse_and_human_any_context	LL_tolerized;PL_acute_LPS;PP_control;homeostatic;sham_WT;stroke_WT
Irf8	IRF8	2	2	LL_tolerized;PL_acute_LPS;PP_control;homeostatic;sham_WT;stroke_WT	WTC11_IFNb;H1_rest;H1_IFNb	True	True	both_mouse_and_human_any_context	LL_tolerized;PL_acute_LPS;PP_control;homeostatic;sham_WT;stroke_WT
Lamp1	LAMP1	2	1	LL_tolerized;PL_acute_LPS;PP_control;homeostatic;stroke_WT	WTC11_rest;WTC11_IFNb;H1_rest;H1_IFNb	True	True	both_mouse_and_human_any_context	LL_tolerized;PL_acute_LPS;PP_control;homeostatic;stroke_WT
Lamp2	LAMP2	6	7	LL_tolerized;PL_acute_LPS;PP_control;homeostatic;sham_WT;stroke_WT	WTC11_rest;WTC11_IFNb;H1_rest;H1_IFNb	True	True	both_mouse_and_human_any_context	LL_tolerized;PL_acute_LPS;PP_control;homeostatic;sham_WT;stroke_WT
Lipa	LIPA	5	8	LL_tolerized;PL_acute_LPS;PP_control;homeostatic;sham_WT;stroke_WT	WTC11_rest;WTC11_IFNb;H1_rest;H1_IFNb	True	True	both_mouse_and_human_any_context	LL_tolerized;PL_acute_LPS;PP_control;homeostatic;sham_WT;stroke_WT
Lpl	LPL	9	10	NA	NA	False	False	neither_any_context	NA
Map1lc3b	MAP1LC3B	3	5	PL_acute_LPS;sham_WT	WTC11_rest;WTC11_IFNb;H1_rest;H1_IFNb	True	True	both_mouse_and_human_any_context	LL_tolerized;PL_acute_LPS;PP_control;homeostatic;sham_WT;stroke_WT
Mcoln1	MCOLN1	7	3	LL_tolerized;PL_acute_LPS;PP_control;homeostatic;sham_WT;stroke_WT	WTC11_rest;WTC11_IFNb;H1_IFNb	True	True	both_mouse_and_human_any_context	LL_tolerized;PL_acute_LPS;PP_control;homeostatic;sham_WT;stroke_WT
Megf10	MEGF10	2	1	homeostatic;stroke_WT	WTC11_rest;WTC11_IFNb;H1_rest;H1_IFNb	True	True	both_mouse_and_human_any_context	PL_acute_LPS;homeostatic;stroke_WT
Mertk	MERTK	1	0	LL_tolerized;PL_acute_LPS;PP_control;homeostatic;sham_WT;stroke_WT	NA	True	False	mouse_only_any_context	LL_tolerized;PL_acute_LPS;PP_control;homeostatic;sham_WT;stroke_WT
Mrc1	MRC1	2	2	LL_tolerized;PL_acute_LPS;PP_control;homeostatic;sham_WT;stroke_WT	NA	True	False	mouse_only_any_context	LL_tolerized;PL_acute_LPS;PP_control;homeostatic;sham_WT;stroke_WT
Nfkb1	NFKB1	1	0	LL_tolerized;PL_acute_LPS;PP_control;homeostatic;sham_WT;stroke_WT	NA	True	False	mouse_only_any_context	LL_tolerized;PL_acute_LPS;PP_control;homeostatic;sham_WT;stroke_WT
Nr1h3	NR1H3	3	2	LL_tolerized;PL_acute_LPS;sham_WT;stroke_WT	WTC11_rest;WTC11_IFNb;H1_rest;H1_IFNb	True	True	both_mouse_and_human_any_context	LL_tolerized;PL_acute_LPS;sham_WT;stroke_WT
P2ry12	P2RY12	3	10	NA	WTC11_rest;WTC11_IFNb;H1_rest;H1_IFNb	False	True	human_only_any_context	NA
Pparg	PPARG	6	2	NA	NA	False	False	neither_any_context	NA
Sall1	SALL1	7	3	LL_tolerized;PL_acute_LPS;PP_control;homeostatic;sham_WT;stroke_WT	NA	True	False	mouse_only_any_context	LL_tolerized;PL_acute_LPS;PP_control;homeostatic;sham_WT;stroke_WT
Spi1	SPI1	3	4	NA	WTC11_rest;WTC11_IFNb;H1_rest;H1_IFNb	False	True	human_only_any_context	sham_WT
Sqstm1	SQSTM1	3	0	LL_tolerized;PL_acute_LPS;sham_WT;stroke_WT	NA	True	False	mouse_only_any_context	LL_tolerized;PL_acute_LPS;PP_control;homeostatic;sham_WT;stroke_WT
Tet2	TET2	0	4	NA	WTC11_rest;WTC11_IFNb;H1_rest;H1_IFNb	False	True	human_only_any_context	LL_tolerized;PL_acute_LPS;PP_control;homeostatic;sham_WT;stroke_WT
Tfe3	TFE3	3	3	LL_tolerized;PL_acute_LPS;PP_control;homeostatic;sham_WT;stroke_WT	WTC11_rest;WTC11_IFNb;H1_rest;H1_IFNb	True	True	both_mouse_and_human_any_context	LL_tolerized;PL_acute_LPS;PP_control;homeostatic;sham_WT;stroke_WT
Tfeb	TFEB	5	4	NA	NA	False	False	neither_any_context	NA
Tgfb1	TGFB1	5	0	LL_tolerized;PL_acute_LPS;PP_control;homeostatic;sham_WT;stroke_WT	NA	True	False	mouse_only_any_context	LL_tolerized;PL_acute_LPS;PP_control;homeostatic;sham_WT;stroke_WT
Tmem119	TMEM119	0	1	NA	NA	False	False	neither_any_context	LL_tolerized;PL_acute_LPS;PP_control;homeostatic;sham_WT;stroke_WT
Tnf	TNF	2	4	LL_tolerized;PL_acute_LPS;PP_control;sham_WT;stroke_WT	WTC11_IFNb;H1_rest;H1_IFNb	True	True	both_mouse_and_human_any_context	LL_tolerized;PL_acute_LPS;PP_control;sham_WT;stroke_WT
Trem2	TREM2	2	1	LL_tolerized;PL_acute_LPS;PP_control;homeostatic;sham_WT;stroke_WT	H1_rest;H1_IFNb	True	True	both_mouse_and_human_any_context	LL_tolerized;PL_acute_LPS;PP_control;homeostatic;sham_WT;stroke_WT
Tyrobp	TYROBP	2	3	LL_tolerized;PL_acute_LPS;PP_control;sham_WT;stroke_WT	WTC11_rest;WTC11_IFNb;H1_rest;H1_IFNb	True	True	both_mouse_and_human_any_context	LL_tolerized;PL_acute_LPS;PP_control;homeostatic;sham_WT;stroke_WT
Vegfa	VEGFA	3	0	LL_tolerized;PL_acute_LPS;PP_control;sham_WT;stroke_WT	NA	True	False	mouse_only_any_context	LL_tolerized;PL_acute_LPS;PP_control;homeostatic;sham_WT;stroke_WT
