analysis_variant	scope	cas	state	n_targetable	n_total	proportion	delta_vs_primary	n_changed_vs_primary
primary_reproducible_peaks_canonical_tss	therapeutic_panel	Un1Cas12f1_TTTR	homeostatic	23	55	0.41818181818181815	0.0	0
primary_reproducible_peaks_canonical_tss	therapeutic_panel	Un1Cas12f1_TTTR	PP_control	28	55	0.509090909090909	0.0	0
primary_reproducible_peaks_canonical_tss	therapeutic_panel	Un1Cas12f1_TTTR	PL_acute_LPS	33	55	0.6	0.0	0
primary_reproducible_peaks_canonical_tss	therapeutic_panel	Un1Cas12f1_TTTR	LL_tolerized	31	55	0.5636363636363636	0.0	0
primary_reproducible_peaks_canonical_tss	therapeutic_panel	Un1Cas12f1_TTTR	sham_WT	31	55	0.5636363636363636	0.0	0
primary_reproducible_peaks_canonical_tss	therapeutic_panel	Un1Cas12f1_TTTR	stroke_WT	36	55	0.6545454545454545	0.0	0
primary_reproducible_peaks_canonical_tss	therapeutic_panel	SaCas9_NNGRRT	homeostatic	25	55	0.45454545454545453	0.0	0
primary_reproducible_peaks_canonical_tss	therapeutic_panel	SaCas9_NNGRRT	PP_control	32	55	0.5818181818181818	0.0	0
primary_reproducible_peaks_canonical_tss	therapeutic_panel	SaCas9_NNGRRT	PL_acute_LPS	37	55	0.6727272727272727	0.0	0
primary_reproducible_peaks_canonical_tss	therapeutic_panel	SaCas9_NNGRRT	LL_tolerized	35	55	0.6363636363636364	0.0	0
primary_reproducible_peaks_canonical_tss	therapeutic_panel	SaCas9_NNGRRT	sham_WT	36	55	0.6545454545454545	0.0	0
primary_reproducible_peaks_canonical_tss	therapeutic_panel	SaCas9_NNGRRT	stroke_WT	39	55	0.7090909090909091	0.0	0
primary_reproducible_peaks_canonical_tss	therapeutic_panel	SpCas9_NGG	homeostatic	31	55	0.5636363636363636	0.0	0
primary_reproducible_peaks_canonical_tss	therapeutic_panel	SpCas9_NGG	PP_control	35	55	0.6363636363636364	0.0	0
primary_reproducible_peaks_canonical_tss	therapeutic_panel	SpCas9_NGG	PL_acute_LPS	39	55	0.7090909090909091	0.0	0
primary_reproducible_peaks_canonical_tss	therapeutic_panel	SpCas9_NGG	LL_tolerized	37	55	0.6727272727272727	0.0	0
primary_reproducible_peaks_canonical_tss	therapeutic_panel	SpCas9_NGG	sham_WT	37	55	0.6727272727272727	0.0	0
primary_reproducible_peaks_canonical_tss	therapeutic_panel	SpCas9_NGG	stroke_WT	42	55	0.7636363636363637	0.0	0
primary_reproducible_peaks_canonical_tss	therapeutic_panel	CjCas9_NNNVRYM	homeostatic	30	55	0.5454545454545454	0.0	0
primary_reproducible_peaks_canonical_tss	therapeutic_panel	CjCas9_NNNVRYM	PP_control	35	55	0.6363636363636364	0.0	0
primary_reproducible_peaks_canonical_tss	therapeutic_panel	CjCas9_NNNVRYM	PL_acute_LPS	39	55	0.7090909090909091	0.0	0
primary_reproducible_peaks_canonical_tss	therapeutic_panel	CjCas9_NNNVRYM	LL_tolerized	37	55	0.6727272727272727	0.0	0
primary_reproducible_peaks_canonical_tss	therapeutic_panel	CjCas9_NNNVRYM	sham_WT	37	55	0.6727272727272727	0.0	0
primary_reproducible_peaks_canonical_tss	therapeutic_panel	CjCas9_NNNVRYM	stroke_WT	42	55	0.7636363636363637	0.0	0
primary_reproducible_peaks_canonical_tss	therapeutic_panel	Nme2Cas9_NNNNCC	homeostatic	30	55	0.5454545454545454	0.0	0
primary_reproducible_peaks_canonical_tss	therapeutic_panel	Nme2Cas9_NNNNCC	PP_control	35	55	0.6363636363636364	0.0	0
primary_reproducible_peaks_canonical_tss	therapeutic_panel	Nme2Cas9_NNNNCC	PL_acute_LPS	39	55	0.7090909090909091	0.0	0
primary_reproducible_peaks_canonical_tss	therapeutic_panel	Nme2Cas9_NNNNCC	LL_tolerized	37	55	0.6727272727272727	0.0	0
primary_reproducible_peaks_canonical_tss	therapeutic_panel	Nme2Cas9_NNNNCC	sham_WT	37	55	0.6727272727272727	0.0	0
primary_reproducible_peaks_canonical_tss	therapeutic_panel	Nme2Cas9_NNNNCC	stroke_WT	42	55	0.7636363636363637	0.0	0
primary_reproducible_peaks_canonical_tss	genome_wide	Un1Cas12f1_TTTR	homeostatic	6269	21599	0.29024491874623826	0.0	0
primary_reproducible_peaks_canonical_tss	genome_wide	Un1Cas12f1_TTTR	PP_control	8068	21599	0.3735358118431409	0.0	0
primary_reproducible_peaks_canonical_tss	genome_wide	Un1Cas12f1_TTTR	PL_acute_LPS	8490	21599	0.39307375341450995	0.0	0
primary_reproducible_peaks_canonical_tss	genome_wide	Un1Cas12f1_TTTR	LL_tolerized	8395	21599	0.38867540163896475	0.0	0
primary_reproducible_peaks_canonical_tss	genome_wide	Un1Cas12f1_TTTR	sham_WT	8603	21599	0.3983054771054215	0.0	0
primary_reproducible_peaks_canonical_tss	genome_wide	Un1Cas12f1_TTTR	stroke_WT	9342	21599	0.4325200240751887	0.0	0
primary_reproducible_peaks_canonical_tss	genome_wide	SaCas9_NNGRRT	homeostatic	7834	21599	0.362701976943377	0.0	0
primary_reproducible_peaks_canonical_tss	genome_wide	SaCas9_NNGRRT	PP_control	9360	21599	0.4333533959905551	0.0	0
primary_reproducible_peaks_canonical_tss	genome_wide	SaCas9_NNGRRT	PL_acute_LPS	9745	21599	0.4511782952914487	0.0	0
primary_reproducible_peaks_canonical_tss	genome_wide	SaCas9_NNGRRT	LL_tolerized	9640	21599	0.4463169591184777	0.0	0
primary_reproducible_peaks_canonical_tss	genome_wide	SaCas9_NNGRRT	sham_WT	9636	21599	0.4461317653595074	0.0	0
primary_reproducible_peaks_canonical_tss	genome_wide	SaCas9_NNGRRT	stroke_WT	10565	21599	0.48914301588036485	0.0	0
primary_reproducible_peaks_canonical_tss	genome_wide	SpCas9_NGG	homeostatic	8874	21599	0.4108523542756609	0.0	0
primary_reproducible_peaks_canonical_tss	genome_wide	SpCas9_NGG	PP_control	10062	21599	0.46585490068984675	0.0	0
primary_reproducible_peaks_canonical_tss	genome_wide	SpCas9_NGG	PL_acute_LPS	10394	21599	0.48122598268438355	0.0	0
primary_reproducible_peaks_canonical_tss	genome_wide	SpCas9_NGG	LL_tolerized	10278	21599	0.4758553636742442	0.0	0
primary_reproducible_peaks_canonical_tss	genome_wide	SpCas9_NGG	sham_WT	10126	21599	0.46881800083337194	0.0	0
primary_reproducible_peaks_canonical_tss	genome_wide	SpCas9_NGG	stroke_WT	11157	21599	0.5165516922079726	0.0	0
primary_reproducible_peaks_canonical_tss	genome_wide	CjCas9_NNNVRYM	homeostatic	8821	21599	0.4083985369693041	0.0	0
primary_reproducible_peaks_canonical_tss	genome_wide	CjCas9_NNNVRYM	PP_control	10038	21599	0.4647437381360248	0.0	0
primary_reproducible_peaks_canonical_tss	genome_wide	CjCas9_NNNVRYM	PL_acute_LPS	10374	21599	0.4803000138895319	0.0	0
primary_reproducible_peaks_canonical_tss	genome_wide	CjCas9_NNNVRYM	LL_tolerized	10252	21599	0.47465160424093705	0.0	0
primary_reproducible_peaks_canonical_tss	genome_wide	CjCas9_NNNVRYM	sham_WT	10098	21599	0.46752164452057965	0.0	0
primary_reproducible_peaks_canonical_tss	genome_wide	CjCas9_NNNVRYM	stroke_WT	11133	21599	0.5154405296541507	0.0	0
primary_reproducible_peaks_canonical_tss	genome_wide	Nme2Cas9_NNNNCC	homeostatic	8755	21599	0.40534283994629383	0.0	0
primary_reproducible_peaks_canonical_tss	genome_wide	Nme2Cas9_NNNNCC	PP_control	10001	21599	0.46303069586554935	0.0	0
primary_reproducible_peaks_canonical_tss	genome_wide	Nme2Cas9_NNNNCC	PL_acute_LPS	10338	21599	0.478633270058799	0.0	0
primary_reproducible_peaks_canonical_tss	genome_wide	Nme2Cas9_NNNNCC	LL_tolerized	10225	21599	0.4734015463678874	0.0	0
primary_reproducible_peaks_canonical_tss	genome_wide	Nme2Cas9_NNNNCC	sham_WT	10078	21599	0.466595675725728	0.0	0
primary_reproducible_peaks_canonical_tss	genome_wide	Nme2Cas9_NNNNCC	stroke_WT	11104	21599	0.5140978749016158	0.0	0
matched_depth_genrich	therapeutic_panel	Un1Cas12f1_TTTR	homeostatic	22	55	0.4	-0.018181818181818132	3
matched_depth_genrich	therapeutic_panel	Un1Cas12f1_TTTR	PP_control	28	55	0.509090909090909	0.0	0
matched_depth_genrich	therapeutic_panel	Un1Cas12f1_TTTR	PL_acute_LPS	32	55	0.5818181818181818	-0.018181818181818188	1
matched_depth_genrich	therapeutic_panel	Un1Cas12f1_TTTR	LL_tolerized	31	55	0.5636363636363636	0.0	0
matched_depth_genrich	therapeutic_panel	Un1Cas12f1_TTTR	sham_WT	30	55	0.5454545454545454	-0.018181818181818188	1
matched_depth_genrich	therapeutic_panel	Un1Cas12f1_TTTR	stroke_WT	36	55	0.6545454545454545	0.0	0
matched_depth_genrich	therapeutic_panel	SaCas9_NNGRRT	homeostatic	23	55	0.41818181818181815	-0.036363636363636376	2
matched_depth_genrich	therapeutic_panel	SaCas9_NNGRRT	PP_control	32	55	0.5818181818181818	0.0	2
matched_depth_genrich	therapeutic_panel	SaCas9_NNGRRT	PL_acute_LPS	35	55	0.6363636363636364	-0.036363636363636376	2
matched_depth_genrich	therapeutic_panel	SaCas9_NNGRRT	LL_tolerized	35	55	0.6363636363636364	0.0	0
matched_depth_genrich	therapeutic_panel	SaCas9_NNGRRT	sham_WT	35	55	0.6363636363636364	-0.018181818181818188	1
matched_depth_genrich	therapeutic_panel	SaCas9_NNGRRT	stroke_WT	39	55	0.7090909090909091	0.0	0
matched_depth_genrich	therapeutic_panel	SpCas9_NGG	homeostatic	29	55	0.5272727272727272	-0.036363636363636376	4
matched_depth_genrich	therapeutic_panel	SpCas9_NGG	PP_control	36	55	0.6545454545454545	0.018181818181818188	1
matched_depth_genrich	therapeutic_panel	SpCas9_NGG	PL_acute_LPS	37	55	0.6727272727272727	-0.036363636363636376	2
matched_depth_genrich	therapeutic_panel	SpCas9_NGG	LL_tolerized	37	55	0.6727272727272727	0.0	0
matched_depth_genrich	therapeutic_panel	SpCas9_NGG	sham_WT	37	55	0.6727272727272727	0.0	2
matched_depth_genrich	therapeutic_panel	SpCas9_NGG	stroke_WT	42	55	0.7636363636363637	0.0	0
matched_depth_genrich	therapeutic_panel	CjCas9_NNNVRYM	homeostatic	29	55	0.5272727272727272	-0.018181818181818188	3
matched_depth_genrich	therapeutic_panel	CjCas9_NNNVRYM	PP_control	36	55	0.6545454545454545	0.018181818181818188	1
matched_depth_genrich	therapeutic_panel	CjCas9_NNNVRYM	PL_acute_LPS	37	55	0.6727272727272727	-0.036363636363636376	2
matched_depth_genrich	therapeutic_panel	CjCas9_NNNVRYM	LL_tolerized	37	55	0.6727272727272727	0.0	0
matched_depth_genrich	therapeutic_panel	CjCas9_NNNVRYM	sham_WT	37	55	0.6727272727272727	0.0	2
matched_depth_genrich	therapeutic_panel	CjCas9_NNNVRYM	stroke_WT	42	55	0.7636363636363637	0.0	0
matched_depth_genrich	therapeutic_panel	Nme2Cas9_NNNNCC	homeostatic	29	55	0.5272727272727272	-0.018181818181818188	3
matched_depth_genrich	therapeutic_panel	Nme2Cas9_NNNNCC	PP_control	36	55	0.6545454545454545	0.018181818181818188	1
matched_depth_genrich	therapeutic_panel	Nme2Cas9_NNNNCC	PL_acute_LPS	37	55	0.6727272727272727	-0.036363636363636376	2
matched_depth_genrich	therapeutic_panel	Nme2Cas9_NNNNCC	LL_tolerized	37	55	0.6727272727272727	0.0	0
matched_depth_genrich	therapeutic_panel	Nme2Cas9_NNNNCC	sham_WT	37	55	0.6727272727272727	0.0	2
matched_depth_genrich	therapeutic_panel	Nme2Cas9_NNNNCC	stroke_WT	42	55	0.7636363636363637	0.0	0
matched_depth_genrich	genome_wide	Un1Cas12f1_TTTR	homeostatic	5913	21599	0.27376267419787953	-0.016482244548358727	728
matched_depth_genrich	genome_wide	Un1Cas12f1_TTTR	PP_control	7943	21599	0.3677485068753183	-0.005787304967822593	269
matched_depth_genrich	genome_wide	Un1Cas12f1_TTTR	PL_acute_LPS	8355	21599	0.38682346404926155	-0.006250289365248407	273
matched_depth_genrich	genome_wide	Un1Cas12f1_TTTR	LL_tolerized	8372	21599	0.3876105375248854	-0.0010648641140793558	225
matched_depth_genrich	genome_wide	Un1Cas12f1_TTTR	sham_WT	8765	21599	0.4058058243437196	0.007500347238298066	282
matched_depth_genrich	genome_wide	Un1Cas12f1_TTTR	stroke_WT	9342	21599	0.4325200240751887	0.0	0
matched_depth_genrich	genome_wide	SaCas9_NNGRRT	homeostatic	7470	21599	0.34584934487707764	-0.01685263206629939	818
matched_depth_genrich	genome_wide	SaCas9_NNGRRT	PP_control	9252	21599	0.4283531644983564	-0.005000231492198692	210
matched_depth_genrich	genome_wide	SaCas9_NNGRRT	PL_acute_LPS	9657	21599	0.4471040325941016	-0.00407426269734712	210
matched_depth_genrich	genome_wide	SaCas9_NNGRRT	LL_tolerized	9625	21599	0.445622482522339	-0.0006944765961386934	167
matched_depth_genrich	genome_wide	SaCas9_NNGRRT	sham_WT	9786	21599	0.4530765313208945	0.0069447659613871005	288
matched_depth_genrich	genome_wide	SaCas9_NNGRRT	stroke_WT	10565	21599	0.48914301588036485	0.0	0
matched_depth_genrich	genome_wide	SpCas9_NGG	homeostatic	8494	21599	0.39325894717348026	-0.017593407102180658	904
matched_depth_genrich	genome_wide	SpCas9_NGG	PP_control	10017	21599	0.4637714709014306	-0.0020834297884161357	141
matched_depth_genrich	genome_wide	SpCas9_NGG	PL_acute_LPS	10355	21599	0.47942034353442287	-0.0018056391499606805	147
matched_depth_genrich	genome_wide	SpCas9_NGG	LL_tolerized	10277	21599	0.4758090652345016	-4.629843974257586e-05	123
matched_depth_genrich	genome_wide	SpCas9_NGG	sham_WT	10252	21599	0.47465160424093705	0.005833603407565113	286
matched_depth_genrich	genome_wide	SpCas9_NGG	stroke_WT	11157	21599	0.5165516922079726	0.0	0
matched_depth_genrich	genome_wide	CjCas9_NNNVRYM	homeostatic	8448	21599	0.39112921894532154	-0.01726931802398257	887
matched_depth_genrich	genome_wide	CjCas9_NNNVRYM	PP_control	9979	21599	0.46201213019121257	-0.0027316079448122532	155
matched_depth_genrich	genome_wide	CjCas9_NNNVRYM	PL_acute_LPS	10335	21599	0.4784943747395713	-0.001805639149960625	149
matched_depth_genrich	genome_wide	CjCas9_NNNVRYM	LL_tolerized	10254	21599	0.47474420112042226	9.259687948520723e-05	126
matched_depth_genrich	genome_wide	CjCas9_NNNVRYM	sham_WT	10232	21599	0.4737256354460855	0.006203990925505831	290
matched_depth_genrich	genome_wide	CjCas9_NNNVRYM	stroke_WT	11133	21599	0.5154405296541507	0.0	0
matched_depth_genrich	genome_wide	Nme2Cas9_NNNNCC	homeostatic	8378	21599	0.3878883281633409	-0.01745451178295293	887
matched_depth_genrich	genome_wide	Nme2Cas9_NNNNCC	PP_control	9939	21599	0.4601601926015093	-0.0028705032640400363	148
matched_depth_genrich	genome_wide	Nme2Cas9_NNNNCC	PL_acute_LPS	10294	21599	0.47659613871012546	-0.00203713134867356	152
matched_depth_genrich	genome_wide	Nme2Cas9_NNNNCC	LL_tolerized	10209	21599	0.4726607713320061	-0.0007407750358812693	136
matched_depth_genrich	genome_wide	Nme2Cas9_NNNNCC	sham_WT	10210	21599	0.4727070697717487	0.0061113940460206795	284
matched_depth_genrich	genome_wide	Nme2Cas9_NNNNCC	stroke_WT	11104	21599	0.5140978749016158	0.0	0
matched_depth_macs3	therapeutic_panel	Un1Cas12f1_TTTR	homeostatic	12	55	0.21818181818181817	-0.19999999999999998	13
matched_depth_macs3	therapeutic_panel	Un1Cas12f1_TTTR	PP_control	22	55	0.4	-0.10909090909090902	6
matched_depth_macs3	therapeutic_panel	Un1Cas12f1_TTTR	PL_acute_LPS	26	55	0.4727272727272727	-0.12727272727272726	7
matched_depth_macs3	therapeutic_panel	Un1Cas12f1_TTTR	LL_tolerized	19	55	0.34545454545454546	-0.21818181818181814	12
matched_depth_macs3	therapeutic_panel	Un1Cas12f1_TTTR	sham_WT	23	55	0.41818181818181815	-0.14545454545454545	12
matched_depth_macs3	therapeutic_panel	Un1Cas12f1_TTTR	stroke_WT	20	55	0.36363636363636365	-0.2909090909090909	16
matched_depth_macs3	therapeutic_panel	SaCas9_NNGRRT	homeostatic	19	55	0.34545454545454546	-0.10909090909090907	6
matched_depth_macs3	therapeutic_panel	SaCas9_NNGRRT	PP_control	26	55	0.4727272727272727	-0.10909090909090907	10
matched_depth_macs3	therapeutic_panel	SaCas9_NNGRRT	PL_acute_LPS	29	55	0.5272727272727272	-0.1454545454545455	10
matched_depth_macs3	therapeutic_panel	SaCas9_NNGRRT	LL_tolerized	27	55	0.4909090909090909	-0.14545454545454545	10
matched_depth_macs3	therapeutic_panel	SaCas9_NNGRRT	sham_WT	25	55	0.45454545454545453	-0.2	15
matched_depth_macs3	therapeutic_panel	SaCas9_NNGRRT	stroke_WT	26	55	0.4727272727272727	-0.2363636363636364	13
matched_depth_macs3	therapeutic_panel	SpCas9_NGG	homeostatic	25	55	0.45454545454545453	-0.10909090909090907	8
matched_depth_macs3	therapeutic_panel	SpCas9_NGG	PP_control	33	55	0.6	-0.036363636363636376	4
matched_depth_macs3	therapeutic_panel	SpCas9_NGG	PL_acute_LPS	35	55	0.6363636363636364	-0.07272727272727275	6
matched_depth_macs3	therapeutic_panel	SpCas9_NGG	LL_tolerized	34	55	0.6181818181818182	-0.054545454545454564	5
matched_depth_macs3	therapeutic_panel	SpCas9_NGG	sham_WT	30	55	0.5454545454545454	-0.12727272727272732	13
matched_depth_macs3	therapeutic_panel	SpCas9_NGG	stroke_WT	31	55	0.5636363636363636	-0.20000000000000007	11
matched_depth_macs3	therapeutic_panel	CjCas9_NNNVRYM	homeostatic	25	55	0.45454545454545453	-0.09090909090909088	7
matched_depth_macs3	therapeutic_panel	CjCas9_NNNVRYM	PP_control	30	55	0.5454545454545454	-0.09090909090909094	7
matched_depth_macs3	therapeutic_panel	CjCas9_NNNVRYM	PL_acute_LPS	34	55	0.6181818181818182	-0.09090909090909094	5
matched_depth_macs3	therapeutic_panel	CjCas9_NNNVRYM	LL_tolerized	31	55	0.5636363636363636	-0.10909090909090913	8
matched_depth_macs3	therapeutic_panel	CjCas9_NNNVRYM	sham_WT	29	55	0.5272727272727272	-0.1454545454545455	14
matched_depth_macs3	therapeutic_panel	CjCas9_NNNVRYM	stroke_WT	32	55	0.5818181818181818	-0.18181818181818188	10
matched_depth_macs3	therapeutic_panel	Nme2Cas9_NNNNCC	homeostatic	25	55	0.45454545454545453	-0.09090909090909088	7
matched_depth_macs3	therapeutic_panel	Nme2Cas9_NNNNCC	PP_control	29	55	0.5272727272727272	-0.10909090909090913	8
matched_depth_macs3	therapeutic_panel	Nme2Cas9_NNNNCC	PL_acute_LPS	34	55	0.6181818181818182	-0.09090909090909094	5
matched_depth_macs3	therapeutic_panel	Nme2Cas9_NNNNCC	LL_tolerized	32	55	0.5818181818181818	-0.09090909090909094	7
matched_depth_macs3	therapeutic_panel	Nme2Cas9_NNNNCC	sham_WT	28	55	0.509090909090909	-0.1636363636363637	13
matched_depth_macs3	therapeutic_panel	Nme2Cas9_NNNNCC	stroke_WT	32	55	0.5818181818181818	-0.18181818181818188	10
matched_depth_macs3	genome_wide	Un1Cas12f1_TTTR	homeostatic	5559	21599	0.25737302652900595	-0.0328718922172323	1730
matched_depth_macs3	genome_wide	Un1Cas12f1_TTTR	PP_control	6734	21599	0.31177369322653825	-0.061762118616602635	1770
matched_depth_macs3	genome_wide	Un1Cas12f1_TTTR	PL_acute_LPS	6800	21599	0.3148293902495486	-0.07824436316496136	1982
matched_depth_macs3	genome_wide	Un1Cas12f1_TTTR	LL_tolerized	6885	21599	0.3187647576276679	-0.06991064401129682	1840
matched_depth_macs3	genome_wide	Un1Cas12f1_TTTR	sham_WT	7033	21599	0.3256169267095699	-0.07268855039585165	2108
matched_depth_macs3	genome_wide	Un1Cas12f1_TTTR	stroke_WT	6649	21599	0.3078383258484189	-0.12468169822676978	2801
matched_depth_macs3	genome_wide	SaCas9_NNGRRT	homeostatic	7147	21599	0.3308949488402241	-0.031807028103152946	1789
matched_depth_macs3	genome_wide	SaCas9_NNGRRT	PP_control	8364	21599	0.3872401500069448	-0.04611324598361033	1452
matched_depth_macs3	genome_wide	SaCas9_NNGRRT	PL_acute_LPS	8489	21599	0.3930274549747674	-0.05815084031668133	1586
matched_depth_macs3	genome_wide	SaCas9_NNGRRT	LL_tolerized	8511	21599	0.3940460206491041	-0.052270938469373585	1499
matched_depth_macs3	genome_wide	SaCas9_NNGRRT	sham_WT	8228	21599	0.3809435622019538	-0.06518820315755358	2024
matched_depth_macs3	genome_wide	SaCas9_NNGRRT	stroke_WT	8120	21599	0.3759433307097551	-0.11319968517060974	2531
matched_depth_macs3	genome_wide	SpCas9_NGG	homeostatic	8409	21599	0.3893235797953609	-0.021528774480299995	1661
matched_depth_macs3	genome_wide	SpCas9_NGG	PP_control	9576	21599	0.44335385897495255	-0.0225010417148942	980
matched_depth_macs3	genome_wide	SpCas9_NGG	PL_acute_LPS	9753	21599	0.4515486828093893	-0.029677299874994234	1047
matched_depth_macs3	genome_wide	SpCas9_NGG	LL_tolerized	9694	21599	0.44881707486457706	-0.027038288809667133	1010
matched_depth_macs3	genome_wide	SpCas9_NGG	sham_WT	9060	21599	0.4194638640677809	-0.04935413676559103	1758
matched_depth_macs3	genome_wide	SpCas9_NGG	stroke_WT	9238	21599	0.4277049863419603	-0.08884670586601229	2001
matched_depth_macs3	genome_wide	CjCas9_NNNVRYM	homeostatic	8344	21599	0.38631418121209316	-0.02208435575721096	1669
matched_depth_macs3	genome_wide	CjCas9_NNNVRYM	PP_control	9460	21599	0.4379832399648132	-0.026760498171211622	1056
matched_depth_macs3	genome_wide	CjCas9_NNNVRYM	PL_acute_LPS	9613	21599	0.445066901245428	-0.03523311264410389	1135
matched_depth_macs3	genome_wide	CjCas9_NNNVRYM	LL_tolerized	9600	21599	0.4444650215287745	-0.03018658271216257	1080
matched_depth_macs3	genome_wide	CjCas9_NNNVRYM	sham_WT	8981	21599	0.41580628732811703	-0.05171535719246262	1807
matched_depth_macs3	genome_wide	CjCas9_NNNVRYM	stroke_WT	9112	21599	0.42187138293439513	-0.09356914671975552	2103
matched_depth_macs3	genome_wide	Nme2Cas9_NNNNCC	homeostatic	8262	21599	0.38251770915320155	-0.022825130793092285	1685
matched_depth_macs3	genome_wide	Nme2Cas9_NNNNCC	PP_control	9391	21599	0.43478864762257513	-0.028242048242974216	1094
matched_depth_macs3	genome_wide	Nme2Cas9_NNNNCC	PL_acute_LPS	9554	21599	0.4423352933006158	-0.03629797675818325	1154
matched_depth_macs3	genome_wide	Nme2Cas9_NNNNCC	LL_tolerized	9506	21599	0.4401129681929719	-0.033288578174915484	1117
matched_depth_macs3	genome_wide	Nme2Cas9_NNNNCC	sham_WT	8932	21599	0.4135376637807306	-0.05305801194499743	1834
matched_depth_macs3	genome_wide	Nme2Cas9_NNNNCC	stroke_WT	9052	21599	0.41909347654984025	-0.0950043983517756	2128
appris_principal_tss	therapeutic_panel	Un1Cas12f1_TTTR	homeostatic	22	55	0.4	-0.018181818181818132	1
appris_principal_tss	therapeutic_panel	Un1Cas12f1_TTTR	PP_control	28	55	0.509090909090909	0.0	2
appris_principal_tss	therapeutic_panel	Un1Cas12f1_TTTR	PL_acute_LPS	33	55	0.6	0.0	2
appris_principal_tss	therapeutic_panel	Un1Cas12f1_TTTR	LL_tolerized	31	55	0.5636363636363636	0.0	2
appris_principal_tss	therapeutic_panel	Un1Cas12f1_TTTR	sham_WT	31	55	0.5636363636363636	0.0	2
appris_principal_tss	therapeutic_panel	Un1Cas12f1_TTTR	stroke_WT	37	55	0.6727272727272727	0.018181818181818188	1
appris_principal_tss	therapeutic_panel	SaCas9_NNGRRT	homeostatic	26	55	0.4727272727272727	0.018181818181818188	1
appris_principal_tss	therapeutic_panel	SaCas9_NNGRRT	PP_control	33	55	0.6	0.018181818181818188	1
appris_principal_tss	therapeutic_panel	SaCas9_NNGRRT	PL_acute_LPS	38	55	0.6909090909090909	0.018181818181818188	3
appris_principal_tss	therapeutic_panel	SaCas9_NNGRRT	LL_tolerized	36	55	0.6545454545454545	0.018181818181818188	3
appris_principal_tss	therapeutic_panel	SaCas9_NNGRRT	sham_WT	37	55	0.6727272727272727	0.018181818181818188	3
appris_principal_tss	therapeutic_panel	SaCas9_NNGRRT	stroke_WT	41	55	0.7454545454545455	0.036363636363636376	2
appris_principal_tss	therapeutic_panel	SpCas9_NGG	homeostatic	31	55	0.5636363636363636	0.0	2
appris_principal_tss	therapeutic_panel	SpCas9_NGG	PP_control	35	55	0.6363636363636364	0.0	2
appris_principal_tss	therapeutic_panel	SpCas9_NGG	PL_acute_LPS	40	55	0.7272727272727273	0.018181818181818188	3
appris_principal_tss	therapeutic_panel	SpCas9_NGG	LL_tolerized	38	55	0.6909090909090909	0.018181818181818188	3
appris_principal_tss	therapeutic_panel	SpCas9_NGG	sham_WT	39	55	0.7090909090909091	0.036363636363636376	2
appris_principal_tss	therapeutic_panel	SpCas9_NGG	stroke_WT	44	55	0.8	0.036363636363636376	2
appris_principal_tss	therapeutic_panel	CjCas9_NNNVRYM	homeostatic	30	55	0.5454545454545454	0.0	2
appris_principal_tss	therapeutic_panel	CjCas9_NNNVRYM	PP_control	35	55	0.6363636363636364	0.0	2
appris_principal_tss	therapeutic_panel	CjCas9_NNNVRYM	PL_acute_LPS	40	55	0.7272727272727273	0.018181818181818188	3
appris_principal_tss	therapeutic_panel	CjCas9_NNNVRYM	LL_tolerized	38	55	0.6909090909090909	0.018181818181818188	3
appris_principal_tss	therapeutic_panel	CjCas9_NNNVRYM	sham_WT	39	55	0.7090909090909091	0.036363636363636376	2
appris_principal_tss	therapeutic_panel	CjCas9_NNNVRYM	stroke_WT	44	55	0.8	0.036363636363636376	2
appris_principal_tss	therapeutic_panel	Nme2Cas9_NNNNCC	homeostatic	30	55	0.5454545454545454	0.0	2
appris_principal_tss	therapeutic_panel	Nme2Cas9_NNNNCC	PP_control	35	55	0.6363636363636364	0.0	2
appris_principal_tss	therapeutic_panel	Nme2Cas9_NNNNCC	PL_acute_LPS	40	55	0.7272727272727273	0.018181818181818188	3
appris_principal_tss	therapeutic_panel	Nme2Cas9_NNNNCC	LL_tolerized	38	55	0.6909090909090909	0.018181818181818188	3
appris_principal_tss	therapeutic_panel	Nme2Cas9_NNNNCC	sham_WT	39	55	0.7090909090909091	0.036363636363636376	2
appris_principal_tss	therapeutic_panel	Nme2Cas9_NNNNCC	stroke_WT	44	55	0.8	0.036363636363636376	2
appris_principal_tss	genome_wide	Un1Cas12f1_TTTR	homeostatic	6314	21599	0.2923283485346544	0.0020834297884161357	389
appris_principal_tss	genome_wide	Un1Cas12f1_TTTR	PP_control	8151	21599	0.37737858234177507	0.003842770498634185	441
appris_principal_tss	genome_wide	Un1Cas12f1_TTTR	PL_acute_LPS	8570	21599	0.3967776285939164	0.0037038751794064573	454
appris_principal_tss	genome_wide	Un1Cas12f1_TTTR	LL_tolerized	8479	21599	0.39256447057734156	0.0038890689383768162	434
appris_principal_tss	genome_wide	Un1Cas12f1_TTTR	sham_WT	8679	21599	0.4018241585258577	0.003518681420436154	424
appris_principal_tss	genome_wide	Un1Cas12f1_TTTR	stroke_WT	9432	21599	0.4366868836520209	0.004166859576832216	452
appris_principal_tss	genome_wide	SaCas9_NNGRRT	homeostatic	7893	21599	0.3654335848881893	0.0027316079448122532	433
appris_principal_tss	genome_wide	SaCas9_NNGRRT	PP_control	9452	21599	0.43761285244687254	0.004259456456317423	408
appris_principal_tss	genome_wide	SaCas9_NNGRRT	PL_acute_LPS	9832	21599	0.4552062595490532	0.004027964257604488	417
appris_principal_tss	genome_wide	SaCas9_NNGRRT	LL_tolerized	9720	21599	0.45002083429788414	0.0037038751794064573	400
appris_principal_tss	genome_wide	SaCas9_NNGRRT	sham_WT	9708	21599	0.4494652530209732	0.003333487661465795	390
appris_principal_tss	genome_wide	SaCas9_NNGRRT	stroke_WT	10646	21599	0.4928931894995139	0.003750173619149033	417
appris_principal_tss	genome_wide	SpCas9_NGG	homeostatic	8962	21599	0.41492661697300803	0.00407426269734712	388
appris_principal_tss	genome_wide	SpCas9_NGG	PP_control	10157	21599	0.4702532524653919	0.004398351775545151	347
appris_principal_tss	genome_wide	SpCas9_NGG	PL_acute_LPS	10499	21599	0.4860873188573545	0.004861336172970965	357
appris_principal_tss	genome_wide	SpCas9_NGG	LL_tolerized	10366	21599	0.47992962637159126	0.004074262697347064	336
appris_principal_tss	genome_wide	SpCas9_NGG	sham_WT	10189	21599	0.4717348025371545	0.0029168017037825567	339
appris_principal_tss	genome_wide	SpCas9_NGG	stroke_WT	11236	21599	0.5202092689476364	0.003657576739663826	361
appris_principal_tss	genome_wide	CjCas9_NNNVRYM	homeostatic	8898	21599	0.41196351682948285	0.0035649798601787297	393
appris_principal_tss	genome_wide	CjCas9_NNNVRYM	PP_control	10129	21599	0.46895689615259967	0.004213158016574847	351
appris_principal_tss	genome_wide	CjCas9_NNNVRYM	PL_acute_LPS	10470	21599	0.48474466410481964	0.0044446502152877265	360
appris_principal_tss	genome_wide	CjCas9_NNNVRYM	LL_tolerized	10337	21599	0.47858697161905644	0.003935367378119392	339
appris_principal_tss	genome_wide	CjCas9_NNNVRYM	sham_WT	10167	21599	0.4707162368628177	0.0031945923422380673	337
appris_principal_tss	genome_wide	CjCas9_NNNVRYM	stroke_WT	11216	21599	0.5192833001527849	0.0038427704986342404	359
appris_principal_tss	genome_wide	Nme2Cas9_NNNNCC	homeostatic	8831	21599	0.40886152136672993	0.0035186814204360983	394
appris_principal_tss	genome_wide	Nme2Cas9_NNNNCC	PP_control	10093	21599	0.46729015232186677	0.004259456456317423	352
appris_principal_tss	genome_wide	Nme2Cas9_NNNNCC	PL_acute_LPS	10437	21599	0.48321681559331453	0.00458354553451551	359
appris_principal_tss	genome_wide	Nme2Cas9_NNNNCC	LL_tolerized	10315	21599	0.47756840594471966	0.004166859576832271	342
appris_principal_tss	genome_wide	Nme2Cas9_NNNNCC	sham_WT	10144	21599	0.46965137274873836	0.0030556970230103397	340
appris_principal_tss	genome_wide	Nme2Cas9_NNNNCC	stroke_WT	11189	21599	0.5180332422797351	0.003935367378119281	361
legacy_most5_basic_tss	therapeutic_panel	Un1Cas12f1_TTTR	homeostatic	22	55	0.4	-0.018181818181818132	3
legacy_most5_basic_tss	therapeutic_panel	Un1Cas12f1_TTTR	PP_control	28	55	0.509090909090909	0.0	4
legacy_most5_basic_tss	therapeutic_panel	Un1Cas12f1_TTTR	PL_acute_LPS	31	55	0.5636363636363636	-0.036363636363636376	6
legacy_most5_basic_tss	therapeutic_panel	Un1Cas12f1_TTTR	LL_tolerized	29	55	0.5272727272727272	-0.036363636363636376	6
legacy_most5_basic_tss	therapeutic_panel	Un1Cas12f1_TTTR	sham_WT	30	55	0.5454545454545454	-0.018181818181818188	5
legacy_most5_basic_tss	therapeutic_panel	Un1Cas12f1_TTTR	stroke_WT	36	55	0.6545454545454545	0.0	4
legacy_most5_basic_tss	therapeutic_panel	SaCas9_NNGRRT	homeostatic	27	55	0.4909090909090909	0.036363636363636376	2
legacy_most5_basic_tss	therapeutic_panel	SaCas9_NNGRRT	PP_control	33	55	0.6	0.018181818181818188	3
legacy_most5_basic_tss	therapeutic_panel	SaCas9_NNGRRT	PL_acute_LPS	37	55	0.6727272727272727	0.0	6
legacy_most5_basic_tss	therapeutic_panel	SaCas9_NNGRRT	LL_tolerized	35	55	0.6363636363636364	0.0	6
legacy_most5_basic_tss	therapeutic_panel	SaCas9_NNGRRT	sham_WT	37	55	0.6727272727272727	0.018181818181818188	5
legacy_most5_basic_tss	therapeutic_panel	SaCas9_NNGRRT	stroke_WT	41	55	0.7454545454545455	0.036363636363636376	4
legacy_most5_basic_tss	therapeutic_panel	SpCas9_NGG	homeostatic	32	55	0.5818181818181818	0.018181818181818188	3
legacy_most5_basic_tss	therapeutic_panel	SpCas9_NGG	PP_control	36	55	0.6545454545454545	0.018181818181818188	3
legacy_most5_basic_tss	therapeutic_panel	SpCas9_NGG	PL_acute_LPS	40	55	0.7272727272727273	0.018181818181818188	5
legacy_most5_basic_tss	therapeutic_panel	SpCas9_NGG	LL_tolerized	37	55	0.6727272727272727	0.0	6
legacy_most5_basic_tss	therapeutic_panel	SpCas9_NGG	sham_WT	38	55	0.6909090909090909	0.018181818181818188	5
legacy_most5_basic_tss	therapeutic_panel	SpCas9_NGG	stroke_WT	43	55	0.7818181818181819	0.018181818181818188	5
legacy_most5_basic_tss	therapeutic_panel	CjCas9_NNNVRYM	homeostatic	31	55	0.5636363636363636	0.018181818181818188	3
legacy_most5_basic_tss	therapeutic_panel	CjCas9_NNNVRYM	PP_control	36	55	0.6545454545454545	0.018181818181818188	3
legacy_most5_basic_tss	therapeutic_panel	CjCas9_NNNVRYM	PL_acute_LPS	39	55	0.7090909090909091	0.0	6
legacy_most5_basic_tss	therapeutic_panel	CjCas9_NNNVRYM	LL_tolerized	37	55	0.6727272727272727	0.0	6
legacy_most5_basic_tss	therapeutic_panel	CjCas9_NNNVRYM	sham_WT	38	55	0.6909090909090909	0.018181818181818188	5
legacy_most5_basic_tss	therapeutic_panel	CjCas9_NNNVRYM	stroke_WT	43	55	0.7818181818181819	0.018181818181818188	5
legacy_most5_basic_tss	therapeutic_panel	Nme2Cas9_NNNNCC	homeostatic	31	55	0.5636363636363636	0.018181818181818188	3
legacy_most5_basic_tss	therapeutic_panel	Nme2Cas9_NNNNCC	PP_control	36	55	0.6545454545454545	0.018181818181818188	3
legacy_most5_basic_tss	therapeutic_panel	Nme2Cas9_NNNNCC	PL_acute_LPS	39	55	0.7090909090909091	0.0	6
legacy_most5_basic_tss	therapeutic_panel	Nme2Cas9_NNNNCC	LL_tolerized	37	55	0.6727272727272727	0.0	6
legacy_most5_basic_tss	therapeutic_panel	Nme2Cas9_NNNNCC	sham_WT	38	55	0.6909090909090909	0.018181818181818188	5
legacy_most5_basic_tss	therapeutic_panel	Nme2Cas9_NNNNCC	stroke_WT	43	55	0.7818181818181819	0.018181818181818188	5
legacy_most5_basic_tss	genome_wide	Un1Cas12f1_TTTR	homeostatic	6242	21599	0.2889948608731886	-0.0012500578730496592	653
legacy_most5_basic_tss	genome_wide	Un1Cas12f1_TTTR	PP_control	8126	21599	0.37622112134821056	0.0026853095050696774	710
legacy_most5_basic_tss	genome_wide	Un1Cas12f1_TTTR	PL_acute_LPS	8546	21599	0.3956664660400944	0.00259271262558447	740
legacy_most5_basic_tss	genome_wide	Un1Cas12f1_TTTR	LL_tolerized	8466	21599	0.391962590860688	0.0032871892217232745	717
legacy_most5_basic_tss	genome_wide	Un1Cas12f1_TTTR	sham_WT	8721	21599	0.4037686929950461	0.005463215889624562	676
legacy_most5_basic_tss	genome_wide	Un1Cas12f1_TTTR	stroke_WT	9450	21599	0.4375202555673874	0.005000231492198692	754
legacy_most5_basic_tss	genome_wide	SaCas9_NNGRRT	homeostatic	7797	21599	0.3609889346729015	-0.0017130422704755288	715
legacy_most5_basic_tss	genome_wide	SaCas9_NNGRRT	PP_control	9398	21599	0.43511273670077316	0.0017593407102180492	660
legacy_most5_basic_tss	genome_wide	SaCas9_NNGRRT	PL_acute_LPS	9794	21599	0.45344691883883514	0.002268623547386439	691
legacy_most5_basic_tss	genome_wide	SaCas9_NNGRRT	LL_tolerized	9699	21599	0.44904856706329	0.0027316079448123087	659
legacy_most5_basic_tss	genome_wide	SaCas9_NNGRRT	sham_WT	9730	21599	0.45048381869530996	0.004352053335802575	618
legacy_most5_basic_tss	genome_wide	SaCas9_NNGRRT	stroke_WT	10648	21599	0.49298578637899904	0.003842770498634185	669
legacy_most5_basic_tss	genome_wide	SpCas9_NGG	homeostatic	8858	21599	0.41011157923977964	-0.0007407750358812693	634
legacy_most5_basic_tss	genome_wide	SpCas9_NGG	PP_control	10088	21599	0.46705866012315383	0.0012037594333070833	582
legacy_most5_basic_tss	genome_wide	SpCas9_NGG	PL_acute_LPS	10426	21599	0.48270753275614614	0.001481550071762594	600
legacy_most5_basic_tss	genome_wide	SpCas9_NGG	LL_tolerized	10315	21599	0.47756840594471966	0.0017130422704754733	573
legacy_most5_basic_tss	genome_wide	SpCas9_NGG	sham_WT	10183	21599	0.47145701189869904	0.0026390110653271015	547
legacy_most5_basic_tss	genome_wide	SpCas9_NGG	stroke_WT	11201	21599	0.5185888235566462	0.00203713134867356	586
legacy_most5_basic_tss	genome_wide	CjCas9_NNNVRYM	homeostatic	8798	21599	0.40733367285522476	-0.0010648641140793558	643
legacy_most5_basic_tss	genome_wide	CjCas9_NNNVRYM	PP_control	10059	21599	0.465716005370619	0.0009722672345942041	587
legacy_most5_basic_tss	genome_wide	CjCas9_NNNVRYM	PL_acute_LPS	10402	21599	0.4815963702023242	0.0012963563127922906	608
legacy_most5_basic_tss	genome_wide	CjCas9_NNNVRYM	LL_tolerized	10290	21599	0.47641094495115516	0.0017593407102181047	580
legacy_most5_basic_tss	genome_wide	CjCas9_NNNVRYM	sham_WT	10156	21599	0.4702069540256493	0.0026853095050696774	546
legacy_most5_basic_tss	genome_wide	CjCas9_NNNVRYM	stroke_WT	11175	21599	0.5173850641233391	0.0019445344691884081	594
legacy_most5_basic_tss	genome_wide	Nme2Cas9_NNNNCC	homeostatic	8732	21599	0.4042779758322145	-0.0010648641140793558	649
legacy_most5_basic_tss	genome_wide	Nme2Cas9_NNNNCC	PP_control	10024	21599	0.4640955599796287	0.0010648641140793558	591
legacy_most5_basic_tss	genome_wide	Nme2Cas9_NNNNCC	PL_acute_LPS	10367	21599	0.47997592481133383	0.001342654752534811	611
legacy_most5_basic_tss	genome_wide	Nme2Cas9_NNNNCC	LL_tolerized	10264	21599	0.4752071855178481	0.0018056391499606805	585
legacy_most5_basic_tss	genome_wide	Nme2Cas9_NNNNCC	sham_WT	10133	21599	0.46914208991156997	0.00254641418584195	553
legacy_most5_basic_tss	genome_wide	Nme2Cas9_NNNNCC	stroke_WT	11149	21599	0.516181304690032	0.0020834297884161357	595
