gene	state	primary_reproducible_peaks_canonical_tss	matched_depth_genrich	matched_depth_macs3	appris_principal_tss	legacy_most5_basic_tss	n_variants_targetable	n_variants	unanimous
Tfeb	homeostatic	False	False	False	False	False	0	5	True
Tfeb	PP_control	False	False	False	True	True	2	5	False
Tfeb	PL_acute_LPS	False	False	False	True	True	2	5	False
Tfeb	LL_tolerized	False	False	False	True	True	2	5	False
Tfeb	sham_WT	False	False	False	True	True	2	5	False
Tfeb	stroke_WT	False	False	False	True	True	2	5	False
Tfe3	homeostatic	True	True	True	True	True	5	5	True
Tfe3	PP_control	True	True	True	True	True	5	5	True
Tfe3	PL_acute_LPS	True	True	True	True	True	5	5	True
Tfe3	LL_tolerized	True	True	True	True	True	5	5	True
Tfe3	sham_WT	True	True	True	True	True	5	5	True
Tfe3	stroke_WT	True	True	False	True	True	4	5	False
Lamp1	homeostatic	True	True	False	True	True	4	5	False
Lamp1	PP_control	True	True	True	True	True	5	5	True
Lamp1	PL_acute_LPS	True	True	True	True	True	5	5	True
Lamp1	LL_tolerized	True	True	True	True	True	5	5	True
Lamp1	sham_WT	False	False	False	False	False	0	5	True
Lamp1	stroke_WT	True	True	False	True	True	4	5	False
Lamp2	homeostatic	True	False	True	True	True	4	5	False
Lamp2	PP_control	True	True	True	True	True	5	5	True
Lamp2	PL_acute_LPS	True	True	True	True	True	5	5	True
Lamp2	LL_tolerized	True	True	True	True	True	5	5	True
Lamp2	sham_WT	True	True	True	True	True	5	5	True
Lamp2	stroke_WT	True	True	True	True	True	5	5	True
Ctsd	homeostatic	False	False	False	False	False	0	5	True
Ctsd	PP_control	True	True	False	True	True	4	5	False
Ctsd	PL_acute_LPS	True	True	True	True	True	5	5	True
Ctsd	LL_tolerized	True	True	True	True	True	5	5	True
Ctsd	sham_WT	False	False	True	False	False	1	5	False
Ctsd	stroke_WT	True	True	False	True	True	4	5	False
Ctsb	homeostatic	True	True	True	True	True	5	5	True
Ctsb	PP_control	True	True	True	True	True	5	5	True
Ctsb	PL_acute_LPS	True	True	True	True	True	5	5	True
Ctsb	LL_tolerized	True	True	False	True	True	4	5	False
Ctsb	sham_WT	True	True	False	True	True	4	5	False
Ctsb	stroke_WT	True	True	False	True	True	4	5	False
Mcoln1	homeostatic	True	True	True	True	True	5	5	True
Mcoln1	PP_control	True	True	True	True	True	5	5	True
Mcoln1	PL_acute_LPS	True	True	True	True	True	5	5	True
Mcoln1	LL_tolerized	True	True	True	True	True	5	5	True
Mcoln1	sham_WT	True	True	True	True	True	5	5	True
Mcoln1	stroke_WT	True	True	True	True	True	5	5	True
Atp6v1h	homeostatic	True	True	True	True	False	4	5	False
Atp6v1h	PP_control	True	True	True	True	False	4	5	False
Atp6v1h	PL_acute_LPS	True	True	True	True	False	4	5	False
Atp6v1h	LL_tolerized	True	True	True	True	False	4	5	False
Atp6v1h	sham_WT	True	True	True	True	False	4	5	False
Atp6v1h	stroke_WT	True	True	True	True	False	4	5	False
Sqstm1	homeostatic	False	False	False	False	False	0	5	True
Sqstm1	PP_control	False	False	False	False	False	0	5	True
Sqstm1	PL_acute_LPS	True	True	False	True	True	4	5	False
Sqstm1	LL_tolerized	True	True	False	True	True	4	5	False
Sqstm1	sham_WT	True	True	False	True	True	4	5	False
Sqstm1	stroke_WT	True	True	False	True	True	4	5	False
Becn1	homeostatic	True	True	False	True	True	4	5	False
Becn1	PP_control	True	True	True	True	True	5	5	True
Becn1	PL_acute_LPS	True	True	False	True	True	4	5	False
Becn1	LL_tolerized	True	True	False	True	True	4	5	False
Becn1	sham_WT	True	True	True	True	True	5	5	True
Becn1	stroke_WT	True	True	False	True	True	4	5	False
Map1lc3b	homeostatic	False	False	False	False	False	0	5	True
Map1lc3b	PP_control	False	False	False	False	False	0	5	True
Map1lc3b	PL_acute_LPS	True	True	False	True	True	4	5	False
Map1lc3b	LL_tolerized	False	False	False	False	False	0	5	True
Map1lc3b	sham_WT	True	True	False	True	True	4	5	False
Map1lc3b	stroke_WT	False	False	False	False	False	0	5	True
Atg5	homeostatic	True	True	True	True	True	5	5	True
Atg5	PP_control	True	True	True	True	True	5	5	True
Atg5	PL_acute_LPS	True	True	True	True	True	5	5	True
Atg5	LL_tolerized	True	True	True	True	True	5	5	True
Atg5	sham_WT	True	True	True	True	True	5	5	True
Atg5	stroke_WT	True	True	True	True	True	5	5	True
Atg7	homeostatic	False	False	False	False	False	0	5	True
Atg7	PP_control	False	False	False	False	False	0	5	True
Atg7	PL_acute_LPS	False	False	False	False	False	0	5	True
Atg7	LL_tolerized	False	False	False	False	False	0	5	True
Atg7	sham_WT	False	False	False	False	False	0	5	True
Atg7	stroke_WT	False	False	False	False	False	0	5	True
Il10	homeostatic	False	False	False	False	False	0	5	True
Il10	PP_control	False	False	False	False	False	0	5	True
Il10	PL_acute_LPS	False	False	False	False	False	0	5	True
Il10	LL_tolerized	False	False	False	False	False	0	5	True
Il10	sham_WT	False	False	False	False	False	0	5	True
Il10	stroke_WT	True	True	False	True	True	4	5	False
Tgfb1	homeostatic	True	True	False	True	True	4	5	False
Tgfb1	PP_control	True	True	True	True	True	5	5	True
Tgfb1	PL_acute_LPS	True	True	True	True	True	5	5	True
Tgfb1	LL_tolerized	True	True	False	True	True	4	5	False
Tgfb1	sham_WT	True	True	False	True	True	4	5	False
Tgfb1	stroke_WT	True	True	False	True	True	4	5	False
Il1b	homeostatic	False	False	False	False	False	0	5	True
Il1b	PP_control	False	False	False	False	False	0	5	True
Il1b	PL_acute_LPS	True	True	False	True	True	4	5	False
Il1b	LL_tolerized	False	False	False	False	False	0	5	True
Il1b	sham_WT	True	False	False	True	True	3	5	False
Il1b	stroke_WT	False	False	False	False	False	0	5	True
Tnf	homeostatic	False	False	False	False	False	0	5	True
Tnf	PP_control	True	True	False	True	True	4	5	False
Tnf	PL_acute_LPS	True	True	True	True	True	5	5	True
Tnf	LL_tolerized	True	True	False	True	True	4	5	False
Tnf	sham_WT	True	True	True	True	True	5	5	True
Tnf	stroke_WT	True	True	True	True	True	5	5	True
Nfkb1	homeostatic	True	True	False	True	True	4	5	False
Nfkb1	PP_control	True	True	False	True	True	4	5	False
Nfkb1	PL_acute_LPS	True	True	True	True	True	5	5	True
Nfkb1	LL_tolerized	True	True	True	True	True	5	5	True
Nfkb1	sham_WT	True	True	True	True	True	5	5	True
Nfkb1	stroke_WT	True	True	True	True	True	5	5	True
Il1rn	homeostatic	False	True	True	False	False	2	5	False
Il1rn	PP_control	False	False	False	False	False	0	5	True
Il1rn	PL_acute_LPS	True	True	True	True	False	4	5	False
Il1rn	LL_tolerized	True	True	True	True	False	4	5	False
Il1rn	sham_WT	True	True	True	True	False	4	5	False
Il1rn	stroke_WT	True	True	False	True	False	3	5	False
Il4ra	homeostatic	False	False	False	False	False	0	5	True
Il4ra	PP_control	True	True	False	True	True	4	5	False
Il4ra	PL_acute_LPS	True	True	True	True	True	5	5	True
Il4ra	LL_tolerized	True	True	False	True	True	4	5	False
Il4ra	sham_WT	True	True	True	True	True	5	5	True
Il4ra	stroke_WT	True	True	True	True	True	5	5	True
Trem2	homeostatic	True	True	False	False	False	2	5	False
Trem2	PP_control	True	True	True	True	True	5	5	True
Trem2	PL_acute_LPS	True	True	True	True	True	5	5	True
Trem2	LL_tolerized	True	True	True	True	True	5	5	True
Trem2	sham_WT	True	True	True	True	True	5	5	True
Trem2	stroke_WT	True	True	False	True	True	4	5	False
Tyrobp	homeostatic	False	False	False	False	False	0	5	True
Tyrobp	PP_control	True	True	False	True	True	4	5	False
Tyrobp	PL_acute_LPS	True	True	True	True	True	5	5	True
Tyrobp	LL_tolerized	True	True	False	True	True	4	5	False
Tyrobp	sham_WT	True	True	True	True	True	5	5	True
Tyrobp	stroke_WT	True	True	True	True	True	5	5	True
Mertk	homeostatic	True	True	True	True	True	5	5	True
Mertk	PP_control	True	True	True	True	True	5	5	True
Mertk	PL_acute_LPS	True	True	True	True	True	5	5	True
Mertk	LL_tolerized	True	True	True	True	True	5	5	True
Mertk	sham_WT	True	True	True	True	True	5	5	True
Mertk	stroke_WT	True	True	True	True	True	5	5	True
Cd36	homeostatic	False	False	False	False	False	0	5	True
Cd36	PP_control	False	False	False	False	False	0	5	True
Cd36	PL_acute_LPS	False	False	False	False	False	0	5	True
Cd36	LL_tolerized	False	False	False	False	False	0	5	True
Cd36	sham_WT	False	False	False	False	False	0	5	True
Cd36	stroke_WT	False	False	False	False	False	0	5	True
Megf10	homeostatic	True	False	False	True	True	3	5	False
Megf10	PP_control	False	False	False	False	False	0	5	True
Megf10	PL_acute_LPS	False	False	False	False	False	0	5	True
Megf10	LL_tolerized	False	False	False	False	False	0	5	True
Megf10	sham_WT	False	False	False	False	False	0	5	True
Megf10	stroke_WT	True	True	False	True	True	4	5	False
Axl	homeostatic	False	False	False	False	False	0	5	True
Axl	PP_control	False	False	False	False	False	0	5	True
Axl	PL_acute_LPS	False	False	False	False	False	0	5	True
Axl	LL_tolerized	False	False	False	False	False	0	5	True
Axl	sham_WT	False	False	False	False	False	0	5	True
Axl	stroke_WT	True	True	False	True	True	4	5	False
Abca1	homeostatic	True	True	True	True	True	5	5	True
Abca1	PP_control	True	True	True	True	True	5	5	True
Abca1	PL_acute_LPS	True	True	True	True	True	5	5	True
Abca1	LL_tolerized	True	True	True	True	True	5	5	True
Abca1	sham_WT	True	True	True	True	True	5	5	True
Abca1	stroke_WT	True	True	True	True	True	5	5	True
Abcg1	homeostatic	False	False	False	False	False	0	5	True
Abcg1	PP_control	True	True	True	True	True	5	5	True
Abcg1	PL_acute_LPS	True	True	True	True	True	5	5	True
Abcg1	LL_tolerized	True	True	False	True	True	4	5	False
Abcg1	sham_WT	True	True	False	True	True	4	5	False
Abcg1	stroke_WT	True	True	False	True	True	4	5	False
Pparg	homeostatic	False	False	False	False	False	0	5	True
Pparg	PP_control	False	False	False	False	False	0	5	True
Pparg	PL_acute_LPS	False	False	False	False	False	0	5	True
Pparg	LL_tolerized	False	False	False	False	False	0	5	True
Pparg	sham_WT	False	False	False	False	False	0	5	True
Pparg	stroke_WT	False	False	False	False	False	0	5	True
Nr1h3	homeostatic	False	False	False	False	False	0	5	True
Nr1h3	PP_control	False	False	False	False	False	0	5	True
Nr1h3	PL_acute_LPS	True	True	False	True	False	3	5	False
Nr1h3	LL_tolerized	True	True	False	True	False	3	5	False
Nr1h3	sham_WT	True	True	True	True	False	4	5	False
Nr1h3	stroke_WT	True	True	False	True	True	4	5	False
Lpl	homeostatic	False	False	False	False	False	0	5	True
Lpl	PP_control	False	False	False	False	False	0	5	True
Lpl	PL_acute_LPS	False	False	False	False	False	0	5	True
Lpl	LL_tolerized	False	False	False	False	False	0	5	True
Lpl	sham_WT	False	False	False	False	False	0	5	True
Lpl	stroke_WT	False	False	False	False	False	0	5	True
Apoe	homeostatic	False	False	False	False	False	0	5	True
Apoe	PP_control	False	False	False	False	False	0	5	True
Apoe	PL_acute_LPS	False	False	False	False	False	0	5	True
Apoe	LL_tolerized	False	False	False	False	False	0	5	True
Apoe	sham_WT	True	True	False	True	True	4	5	False
Apoe	stroke_WT	True	True	True	True	True	5	5	True
Lipa	homeostatic	True	True	True	True	True	5	5	True
Lipa	PP_control	True	True	True	True	True	5	5	True
Lipa	PL_acute_LPS	True	True	True	True	True	5	5	True
Lipa	LL_tolerized	True	True	True	True	True	5	5	True
Lipa	sham_WT	True	True	True	True	True	5	5	True
Lipa	stroke_WT	True	True	True	True	True	5	5	True
Bdnf	homeostatic	False	False	False	False	False	0	5	True
Bdnf	PP_control	False	False	False	False	False	0	5	True
Bdnf	PL_acute_LPS	False	False	False	False	False	0	5	True
Bdnf	LL_tolerized	False	False	False	False	False	0	5	True
Bdnf	sham_WT	False	False	False	False	False	0	5	True
Bdnf	stroke_WT	False	False	False	False	False	0	5	True
Igf1	homeostatic	True	True	False	True	True	4	5	False
Igf1	PP_control	False	False	False	False	False	0	5	True
Igf1	PL_acute_LPS	False	False	False	False	False	0	5	True
Igf1	LL_tolerized	False	False	False	False	False	0	5	True
Igf1	sham_WT	False	False	False	False	False	0	5	True
Igf1	stroke_WT	False	False	False	False	False	0	5	True
Csf1	homeostatic	True	True	False	True	True	4	5	False
Csf1	PP_control	True	True	True	True	True	5	5	True
Csf1	PL_acute_LPS	True	True	True	True	True	5	5	True
Csf1	LL_tolerized	True	True	False	True	True	4	5	False
Csf1	sham_WT	True	True	True	True	True	5	5	True
Csf1	stroke_WT	True	True	True	True	True	5	5	True
Gdnf	homeostatic	False	False	False	False	False	0	5	True
Gdnf	PP_control	False	False	False	False	False	0	5	True
Gdnf	PL_acute_LPS	False	False	False	False	False	0	5	True
Gdnf	LL_tolerized	False	False	False	False	False	0	5	True
Gdnf	sham_WT	False	False	False	False	False	0	5	True
Gdnf	stroke_WT	False	False	False	False	False	0	5	True
Vegfa	homeostatic	False	False	False	False	False	0	5	True
Vegfa	PP_control	True	True	True	False	True	4	5	False
Vegfa	PL_acute_LPS	True	True	True	False	True	4	5	False
Vegfa	LL_tolerized	True	True	True	False	True	4	5	False
Vegfa	sham_WT	True	True	True	False	True	4	5	False
Vegfa	stroke_WT	True	True	True	True	True	5	5	True
P2ry12	homeostatic	False	False	False	False	True	1	5	False
P2ry12	PP_control	False	False	False	False	True	1	5	False
P2ry12	PL_acute_LPS	False	False	False	False	True	1	5	False
P2ry12	LL_tolerized	False	False	False	False	True	1	5	False
P2ry12	sham_WT	False	False	False	False	True	1	5	False
P2ry12	stroke_WT	False	False	False	False	True	1	5	False
Tmem119	homeostatic	False	False	False	False	False	0	5	True
Tmem119	PP_control	False	False	False	False	False	0	5	True
Tmem119	PL_acute_LPS	False	False	False	False	False	0	5	True
Tmem119	LL_tolerized	False	False	False	False	False	0	5	True
Tmem119	sham_WT	False	False	False	False	False	0	5	True
Tmem119	stroke_WT	False	False	False	False	False	0	5	True
Hexb	homeostatic	False	False	False	False	False	0	5	True
Hexb	PP_control	False	False	False	False	False	0	5	True
Hexb	PL_acute_LPS	False	False	False	False	False	0	5	True
Hexb	LL_tolerized	False	False	False	False	False	0	5	True
Hexb	sham_WT	False	False	False	False	False	0	5	True
Hexb	stroke_WT	False	False	False	False	False	0	5	True
Cx3cr1	homeostatic	False	False	False	False	False	0	5	True
Cx3cr1	PP_control	False	False	False	False	False	0	5	True
Cx3cr1	PL_acute_LPS	False	False	False	False	False	0	5	True
Cx3cr1	LL_tolerized	False	False	False	False	False	0	5	True
Cx3cr1	sham_WT	False	False	False	False	False	0	5	True
Cx3cr1	stroke_WT	False	False	False	False	False	0	5	True
Sall1	homeostatic	True	True	False	True	True	4	5	False
Sall1	PP_control	True	True	False	True	True	4	5	False
Sall1	PL_acute_LPS	True	True	False	True	True	4	5	False
Sall1	LL_tolerized	True	True	False	True	True	4	5	False
Sall1	sham_WT	True	True	False	True	True	4	5	False
Sall1	stroke_WT	True	True	False	True	True	4	5	False
Siglech	homeostatic	True	True	True	True	True	5	5	True
Siglech	PP_control	True	True	True	True	True	5	5	True
Siglech	PL_acute_LPS	True	True	True	True	True	5	5	True
Siglech	LL_tolerized	True	True	True	True	True	5	5	True
Siglech	sham_WT	False	False	True	False	False	1	5	False
Siglech	stroke_WT	True	True	True	True	True	5	5	True
Spi1	homeostatic	False	False	False	False	False	0	5	True
Spi1	PP_control	False	False	False	False	False	0	5	True
Spi1	PL_acute_LPS	False	False	False	False	False	0	5	True
Spi1	LL_tolerized	False	False	False	False	False	0	5	True
Spi1	sham_WT	False	False	False	False	False	0	5	True
Spi1	stroke_WT	False	False	False	False	False	0	5	True
Irf8	homeostatic	True	True	False	True	True	4	5	False
Irf8	PP_control	True	True	True	True	True	5	5	True
Irf8	PL_acute_LPS	True	True	True	True	True	5	5	True
Irf8	LL_tolerized	True	True	True	True	True	5	5	True
Irf8	sham_WT	True	True	True	True	True	5	5	True
Irf8	stroke_WT	True	True	True	True	True	5	5	True
Csf1r	homeostatic	False	False	False	False	False	0	5	True
Csf1r	PP_control	True	True	True	True	False	4	5	False
Csf1r	PL_acute_LPS	True	True	True	True	False	4	5	False
Csf1r	LL_tolerized	True	True	False	True	False	3	5	False
Csf1r	sham_WT	True	True	False	True	True	4	5	False
Csf1r	stroke_WT	True	True	True	True	True	5	5	True
Grn	homeostatic	True	True	True	True	True	5	5	True
Grn	PP_control	True	True	True	True	True	5	5	True
Grn	PL_acute_LPS	True	True	True	True	True	5	5	True
Grn	LL_tolerized	True	True	True	True	True	5	5	True
Grn	sham_WT	True	True	False	True	True	4	5	False
Grn	stroke_WT	True	True	True	True	True	5	5	True
Hdac1	homeostatic	True	True	False	True	True	4	5	False
Hdac1	PP_control	True	True	True	True	True	5	5	True
Hdac1	PL_acute_LPS	True	True	True	True	True	5	5	True
Hdac1	LL_tolerized	True	True	True	True	True	5	5	True
Hdac1	sham_WT	True	True	True	True	True	5	5	True
Hdac1	stroke_WT	True	True	True	True	True	5	5	True
Hdac2	homeostatic	False	False	False	False	False	0	5	True
Hdac2	PP_control	False	False	False	False	False	0	5	True
Hdac2	PL_acute_LPS	False	False	False	False	False	0	5	True
Hdac2	LL_tolerized	False	False	False	False	False	0	5	True
Hdac2	sham_WT	False	False	False	False	False	0	5	True
Hdac2	stroke_WT	False	False	False	False	False	0	5	True
Tet2	homeostatic	False	False	False	False	False	0	5	True
Tet2	PP_control	False	False	False	False	False	0	5	True
Tet2	PL_acute_LPS	False	False	False	False	False	0	5	True
Tet2	LL_tolerized	False	False	False	False	False	0	5	True
Tet2	sham_WT	False	False	False	False	False	0	5	True
Tet2	stroke_WT	False	False	False	False	False	0	5	True
Dnmt3a	homeostatic	False	False	False	False	False	0	5	True
Dnmt3a	PP_control	False	False	False	False	False	0	5	True
Dnmt3a	PL_acute_LPS	False	False	False	False	False	0	5	True
Dnmt3a	LL_tolerized	False	False	False	False	False	0	5	True
Dnmt3a	sham_WT	False	False	False	False	False	0	5	True
Dnmt3a	stroke_WT	False	False	False	False	False	0	5	True
Arg1	homeostatic	False	False	False	False	False	0	5	True
Arg1	PP_control	False	False	False	False	False	0	5	True
Arg1	PL_acute_LPS	False	False	False	False	False	0	5	True
Arg1	LL_tolerized	False	False	False	False	False	0	5	True
Arg1	sham_WT	False	False	False	False	False	0	5	True
Arg1	stroke_WT	True	True	False	True	True	4	5	False
Chil3	homeostatic	False	False	False	False	False	0	5	True
Chil3	PP_control	False	False	False	False	False	0	5	True
Chil3	PL_acute_LPS	False	False	False	False	False	0	5	True
Chil3	LL_tolerized	False	False	False	False	False	0	5	True
Chil3	sham_WT	False	False	False	False	False	0	5	True
Chil3	stroke_WT	False	False	False	False	False	0	5	True
Mrc1	homeostatic	True	True	False	True	True	4	5	False
Mrc1	PP_control	True	True	True	True	True	5	5	True
Mrc1	PL_acute_LPS	True	False	False	True	True	3	5	False
Mrc1	LL_tolerized	True	True	True	True	True	5	5	True
Mrc1	sham_WT	True	True	True	True	True	5	5	True
Mrc1	stroke_WT	True	True	True	True	True	5	5	True
